video,frame,elbow_right,elbow_left,shoulder_right,shoulder_left,hip_right,hip_left,knee_right,knee_left,ankle_right,ankle_left,label
WhatsApp Video 2025-11-01 at 7.30.29 PM.mp4,5,134.72,93.01,80.18,40.85,173.97,166.5,174.09,173.58,94.85,146.42,Lagartija
WhatsApp Video 2025-11-01 at 7.30.29 PM.mp4,10,118.23,113.49,77.81,31.71,173.9,168.67,176.55,173.44,103.6,135.72,Lagartija
WhatsApp Video 2025-11-01 at 7.30.29 PM.mp4,15,100.1,155.49,63.25,20.37,174.24,168.26,176.9,175.22,146.59,156.13,Lagartija
WhatsApp Video 2025-11-01 at 7.30.29 PM.mp4,20,93.17,156.05,55.69,26.72,175.33,171.84,176.56,173.28,140.68,155.23,Lagartija
WhatsApp Video 2025-11-01 at 7.30.29 PM.mp4,25,118.52,153.98,27.65,28.84,174.83,173.97,176.6,170.65,133.85,144.1,Lagartija
WhatsApp Video 2025-11-01 at 7.30.29 PM.mp4,30,100.49,149.63,48.78,31.91,172.74,174.31,175.03,166.71,150.77,147.45,Lagartija
WhatsApp Video 2025-11-01 at 7.30.29 PM.mp4,35,133.08,83.39,76.1,32.96,174.23,169.48,175.84,165.19,92.74,138.16,Lagartija
WhatsApp Video 2025-11-01 at 7.30.29 PM.mp4,40,158.06,87.24,76.51,35.54,173.1,169.69,175.01,168.73,107.9,149.73,Lagartija
WhatsApp Video 2025-11-01 at 7.30.29 PM.mp4,45,144.96,127.41,76.92,31.7,172.55,167.84,176.57,172.19,63.44,148.24,Lagartija
WhatsApp Video 2025-11-01 at 7.30.29 PM.mp4,50,97.94,158.75,63.31,24.36,174.64,172.92,175.87,169.84,131.74,151.69,Lagartija
WhatsApp Video 2025-11-01 at 7.30.29 PM.mp4,55,97.68,157.06,40.8,30.26,172.19,172.82,177.43,170.82,145.05,153.57,Lagartija
WhatsApp Video 2025-11-01 at 7.30.29 PM.mp4,60,98.33,154.94,42.51,31.82,175.58,173.56,175.95,170.82,148.07,152.04,Lagartija
WhatsApp Video 2025-11-01 at 7.30.29 PM.mp4,65,85.43,143.54,53.08,28.25,168.33,164.11,175.81,173.28,136.17,157.63,Lagartija
WhatsApp Video 2025-11-01 at 7.30.29 PM.mp4,70,136.57,79.52,81.37,29.26,170.67,162.61,175.96,175.44,94.02,150.82,Lagartija
WhatsApp Video 2025-11-01 at 7.30.29 PM.mp4,75,130.41,104.39,79.64,26.52,171.73,162.96,175.79,175.97,71.23,140.47,Lagartija
WhatsApp Video 2025-11-01 at 7.30.29 PM.mp4,80,89.57,146.15,59.79,15.86,172.93,168.14,175.64,175.18,130.63,156.09,Lagartija
WhatsApp Video 2025-11-01 at 7.30.29 PM.mp4,85,89.22,157.22,43.62,18.05,171.71,169.07,176.43,174.19,132.6,132.61,Lagartija
WhatsApp Video 2025-11-01 at 7.30.29 PM.mp4,90,85.94,153.03,42.12,20.93,171.83,168.32,175.51,173.8,148.01,151.13,Lagartija
WhatsApp Video 2025-11-01 at 7.30.29 PM.mp4,95,84.29,142.63,48.26,23.2,170.64,165.5,176.18,174.39,150.69,146.7,Lagartija
WhatsApp Video 2025-11-01 at 7.30.29 PM.mp4,100,129.58,81.59,82.38,26.37,170.85,162.24,174.52,173.83,93.87,145.83,Lagartija
WhatsApp Video 2025-11-01 at 7.30.29 PM.mp4,105,134.69,86.05,79.86,24.24,172.67,163.86,174.24,174.98,82.22,146.47,Lagartija
WhatsApp Video 2025-11-01 at 7.30.29 PM.mp4,110,108.3,149.53,75.05,19.08,171.88,166.03,174.99,175.26,135.75,156.27,Lagartija
WhatsApp Video 2025-11-01 at 7.30.29 PM.mp4,115,97.65,163.07,43.8,20.33,172.03,167.58,175.72,175.04,143.74,153.61,Lagartija
WhatsApp Video 2025-11-01 at 7.30.29 PM.mp4,120,91.93,154.74,38.72,22.54,169.17,167.28,175.99,173.98,161.19,158.52,Lagartija
WhatsApp Video 2025-11-01 at 7.30.29 PM.mp4,125,89.98,151.15,41.32,27.79,167.58,162.43,175.57,175.75,152.63,158.0,Lagartija
WhatsApp Video 2025-11-01 at 7.30.29 PM.mp4,130,112.51,130.69,72.59,25.93,170.02,163.49,174.32,174.65,115.26,157.98,Lagartija
WhatsApp Video 2025-11-01 at 7.30.29 PM.mp4,135,140.74,87.1,78.01,24.86,170.45,162.5,172.85,174.03,116.51,150.43,Lagartija
WhatsApp Video 2025-11-01 at 7.30.29 PM.mp4,140,113.75,155.61,64.52,23.57,170.23,162.95,174.33,175.99,143.32,157.18,Lagartija
WhatsApp Video 2025-11-01 at 7.30.29 PM.mp4,145,97.76,158.16,42.38,31.5,171.37,165.99,176.31,176.58,143.59,153.41,Lagartija
WhatsApp Video 2025-11-01 at 7.30.29 PM.mp4,150,91.29,152.74,38.02,27.33,166.57,163.75,177.68,175.86,146.99,158.97,Lagartija
WhatsApp Video 2025-11-01 at 7.30.29 PM.mp4,155,83.59,151.17,43.07,29.04,166.66,162.7,176.34,176.51,137.23,157.36,Lagartija
WhatsApp Video 2025-11-01 at 7.30.29 PM.mp4,160,88.63,150.9,53.84,31.97,167.02,160.0,172.9,173.49,130.51,153.08,Lagartija
WhatsApp Video 2025-11-01 at 7.30.29 PM.mp4,165,134.69,95.82,81.16,32.53,168.91,161.51,167.27,171.95,130.96,156.33,Lagartija
WhatsApp Video 2025-11-01 at 7.30.29 PM.mp4,170,171.01,131.88,89.49,33.73,171.34,166.15,169.11,170.08,65.71,152.23,Lagartija
WhatsApp Video 2025-11-01 at 5.20.40 PM.mp4,5,133.11,136.62,14.38,48.93,105.31,114.42,25.18,37.69,33.18,178.68,Lagartija
WhatsApp Video 2025-11-01 at 5.20.40 PM.mp4,10,37.91,155.6,66.39,48.92,98.45,80.18,159.36,16.25,160.21,170.34,Lagartija
WhatsApp Video 2025-11-01 at 5.20.40 PM.mp4,15,52.68,143.57,51.42,21.54,84.7,57.26,112.01,169.68,133.71,138.96,Lagartija
WhatsApp Video 2025-11-01 at 5.20.40 PM.mp4,20,71.83,89.37,139.73,45.37,56.41,103.55,154.37,169.19,153.64,103.82,Lagartija
WhatsApp Video 2025-11-01 at 5.20.40 PM.mp4,25,84.96,129.12,105.1,42.8,42.9,62.13,67.35,152.74,85.14,120.03,Lagartija
WhatsApp Video 2025-11-01 at 5.20.40 PM.mp4,30,161.39,154.9,32.46,86.99,101.37,76.12,143.79,170.56,142.23,128.51,Lagartija
WhatsApp Video 2025-11-01 at 5.20.40 PM.mp4,35,161.56,158.93,108.96,68.48,13.03,60.97,109.9,22.77,175.35,169.17,Lagartija
WhatsApp Video 2025-11-01 at 5.20.40 PM.mp4,40,97.76,147.73,79.5,37.7,79.01,90.15,146.85,94.54,91.73,122.9,Lagartija
WhatsApp Video 2025-11-01 at 5.20.40 PM.mp4,45,114.0,155.71,89.48,59.84,64.61,75.49,126.05,168.56,125.01,129.51,Lagartija
WhatsApp Video 2025-11-01 at 5.20.40 PM.mp4,50,101.94,134.11,80.26,32.61,99.68,43.93,164.35,142.54,170.54,163.8,Lagartija
WhatsApp Video 2025-11-01 at 5.20.40 PM.mp4,55,165.13,156.54,27.52,76.71,136.76,154.99,149.02,53.95,159.64,97.72,Lagartija
WhatsApp Video 2025-11-01 at 5.20.40 PM.mp4,60,150.0,171.67,36.11,70.26,112.22,144.47,170.8,144.22,164.98,174.1,Lagartija
WhatsApp Video 2025-11-01 at 5.19.44 PM.mp4,5,107.67,111.0,60.79,34.79,152.05,168.54,155.35,170.58,30.08,43.36,Lagartija
WhatsApp Video 2025-11-01 at 5.19.44 PM.mp4,10,104.32,112.8,58.84,18.79,170.26,160.76,172.46,171.61,135.68,157.81,Lagartija
WhatsApp Video 2025-11-01 at 5.19.44 PM.mp4,15,71.25,165.5,39.36,24.03,169.95,157.97,175.14,173.2,151.5,163.67,Lagartija
WhatsApp Video 2025-11-01 at 5.19.44 PM.mp4,20,57.02,152.76,50.11,22.27,171.87,165.47,174.82,174.33,158.77,160.09,Lagartija
WhatsApp Video 2025-11-01 at 5.19.44 PM.mp4,25,97.62,108.28,75.19,30.43,173.77,178.21,176.44,174.6,100.67,139.06,Lagartija
WhatsApp Video 2025-11-01 at 5.19.44 PM.mp4,30,118.23,130.09,87.19,27.12,173.55,170.66,176.07,170.03,79.75,120.87,Lagartija
WhatsApp Video 2025-11-01 at 5.19.44 PM.mp4,35,77.73,143.74,63.06,21.6,174.59,172.83,177.56,176.34,118.06,140.56,Lagartija
WhatsApp Video 2025-11-01 at 5.19.44 PM.mp4,40,95.19,164.6,31.17,19.88,170.85,168.08,178.6,179.16,125.88,146.34,Lagartija
WhatsApp Video 2025-11-01 at 5.19.44 PM.mp4,45,92.09,157.44,43.49,21.96,170.76,169.2,178.38,176.29,113.03,151.51,Lagartija
WhatsApp Video 2025-11-01 at 5.19.44 PM.mp4,50,100.62,80.14,81.77,38.24,176.47,174.23,178.06,173.22,70.33,94.93,Lagartija
WhatsApp Video 2025-11-01 at 5.19.44 PM.mp4,55,119.2,85.16,80.13,49.44,173.8,170.71,178.92,172.51,63.49,130.1,Lagartija
WhatsApp Video 2025-11-01 at 5.19.44 PM.mp4,60,89.34,113.51,61.98,26.4,167.76,165.98,178.86,175.23,115.38,149.55,Lagartija
WhatsApp Video 2025-11-01 at 5.19.44 PM.mp4,65,89.01,160.77,44.21,24.79,166.08,155.83,177.9,174.87,133.3,162.95,Lagartija
WhatsApp Video 2025-11-01 at 5.19.44 PM.mp4,70,90.04,147.67,47.02,26.34,164.74,154.52,176.76,173.07,124.99,161.51,Lagartija
WhatsApp Video 2025-11-01 at 5.19.44 PM.mp4,75,90.36,86.5,80.32,32.95,168.3,157.83,177.36,176.2,113.21,144.46,Lagartija
WhatsApp Video 2025-11-01 at 5.18.22 PM.mp4,5,92.93,128.5,80.56,63.28,117.78,125.03,139.38,161.83,150.87,82.06,Lagartija
WhatsApp Video 2025-11-01 at 5.18.22 PM.mp4,10,102.1,133.12,78.84,67.63,101.83,103.36,134.32,152.18,152.19,84.89,Lagartija
WhatsApp Video 2025-11-01 at 5.18.22 PM.mp4,15,101.53,140.09,95.37,104.68,69.25,103.67,104.53,149.04,169.89,144.1,Lagartija
WhatsApp Video 2025-11-01 at 5.18.22 PM.mp4,20,136.28,130.77,140.07,120.24,97.4,122.55,104.73,118.14,32.83,59.54,Lagartija
WhatsApp Video 2025-11-01 at 5.18.22 PM.mp4,25,161.29,116.67,43.45,87.71,8.7,17.19,164.53,163.62,82.83,112.61,Lagartija
WhatsApp Video 2025-11-01 at 5.18.22 PM.mp4,30,131.77,64.38,93.33,43.0,119.5,80.04,147.89,145.04,73.22,100.57,Lagartija
WhatsApp Video 2025-11-01 at 5.18.22 PM.mp4,35,115.62,101.62,41.05,45.43,143.59,76.46,156.14,162.74,40.07,142.32,Lagartija
WhatsApp Video 2025-11-01 at 5.18.22 PM.mp4,40,179.18,87.75,10.4,29.96,171.21,127.68,174.88,171.56,109.7,99.45,Lagartija
WhatsApp Video 2025-11-01 at 5.18.22 PM.mp4,50,157.48,105.53,14.34,46.98,176.14,174.77,169.22,171.26,122.41,45.49,Lagartija
WhatsApp Video 2025-11-01 at 5.18.22 PM.mp4,55,168.65,107.28,21.11,52.5,177.58,175.06,172.49,173.7,106.03,34.22,Lagartija
WhatsApp Video 2025-11-01 at 5.18.22 PM.mp4,60,157.69,86.18,21.86,68.54,170.81,177.3,174.63,174.9,126.7,44.36,Lagartija
WhatsApp Video 2025-11-01 at 5.18.22 PM.mp4,65,158.1,111.62,29.27,95.12,166.84,175.47,174.85,174.55,135.18,39.55,Lagartija
WhatsApp Video 2025-11-01 at 5.18.22 PM.mp4,70,138.35,132.81,23.19,108.04,174.0,176.35,174.6,175.59,96.84,25.88,Lagartija
WhatsApp Video 2025-11-01 at 5.18.22 PM.mp4,75,68.44,158.18,31.78,113.58,175.38,175.87,173.67,176.13,96.76,26.84,Lagartija
WhatsApp Video 2025-11-01 at 5.18.22 PM.mp4,80,104.98,146.8,25.26,115.81,172.94,177.81,174.06,176.5,91.82,24.74,Lagartija
WhatsApp Video 2025-11-01 at 5.18.22 PM.mp4,85,148.14,128.29,26.18,97.03,170.18,178.79,173.5,176.77,118.55,30.13,Lagartija
WhatsApp Video 2025-11-01 at 5.18.22 PM.mp4,90,162.96,113.4,27.97,97.56,168.67,176.18,173.87,177.5,129.17,30.33,Lagartija
WhatsApp Video 2025-11-01 at 5.18.22 PM.mp4,95,164.9,84.25,23.45,88.6,167.46,175.6,175.33,178.24,126.82,34.18,Lagartija
WhatsApp Video 2025-11-01 at 5.18.22 PM.mp4,100,166.52,87.22,24.19,79.66,167.98,175.09,175.86,177.49,113.77,51.18,Lagartija
WhatsApp Video 2025-11-01 at 5.18.22 PM.mp4,105,158.48,88.37,25.38,72.08,168.37,175.63,174.49,176.52,129.49,51.21,Lagartija
WhatsApp Video 2025-11-01 at 5.18.22 PM.mp4,110,160.7,99.21,29.78,71.75,164.94,176.26,174.29,175.43,126.27,45.67,Lagartija
WhatsApp Video 2025-11-01 at 5.18.22 PM.mp4,115,87.95,131.38,24.61,101.27,172.22,178.33,174.65,175.72,100.39,30.96,Lagartija
WhatsApp Video 2025-11-01 at 5.18.22 PM.mp4,120,62.69,157.76,29.42,109.73,171.12,178.71,175.17,176.43,93.59,27.94,Lagartija
WhatsApp Video 2025-11-01 at 5.18.22 PM.mp4,125,100.6,145.7,26.87,109.52,170.52,179.37,175.59,176.84,94.86,27.0,Lagartija
WhatsApp Video 2025-11-01 at 5.18.22 PM.mp4,130,161.83,137.58,26.09,102.47,168.15,177.92,174.22,177.43,123.67,23.53,Lagartija
WhatsApp Video 2025-11-01 at 5.18.22 PM.mp4,135,165.45,114.08,25.17,99.17,166.57,175.61,175.4,178.18,142.34,26.42,Lagartija
WhatsApp Video 2025-11-01 at 5.18.22 PM.mp4,140,159.76,78.93,24.77,82.29,155.39,170.33,178.48,178.4,116.85,57.67,Lagartija
WhatsApp Video 2025-11-01 at 5.18.22 PM.mp4,145,164.36,83.51,23.46,74.42,162.87,173.08,177.94,177.18,124.97,42.17,Lagartija
WhatsApp Video 2025-11-01 at 5.18.22 PM.mp4,150,161.81,84.51,26.48,74.42,163.75,173.85,176.47,175.77,122.21,43.03,Lagartija
WhatsApp Video 2025-11-01 at 5.18.22 PM.mp4,155,161.21,113.07,27.96,91.39,163.11,174.71,177.09,174.79,128.34,40.45,Lagartija
WhatsApp Video 2025-11-01 at 5.18.22 PM.mp4,160,122.73,129.51,22.48,102.72,170.44,177.38,176.15,175.35,95.15,30.12,Lagartija
WhatsApp Video 2025-11-01 at 5.18.22 PM.mp4,165,58.56,152.17,26.9,111.25,173.66,177.25,174.72,175.93,70.55,25.94,Lagartija
WhatsApp Video 2025-11-01 at 5.18.22 PM.mp4,170,82.66,144.05,25.25,113.95,172.9,178.62,174.37,177.01,77.75,25.68,Lagartija
WhatsApp Video 2025-11-01 at 5.18.22 PM.mp4,175,124.18,120.21,24.9,94.74,172.4,178.04,172.39,176.92,105.1,28.61,Lagartija
WhatsApp Video 2025-11-01 at 7.30.12 PM.mp4,10,139.83,164.73,29.81,22.35,173.44,160.06,167.49,172.98,152.78,163.9,Lagartija
WhatsApp Video 2025-11-01 at 7.30.12 PM.mp4,15,117.37,165.83,29.61,21.31,173.94,164.79,171.92,174.92,148.7,163.28,Lagartija
WhatsApp Video 2025-11-01 at 7.30.12 PM.mp4,20,85.3,166.45,67.35,15.44,168.63,173.28,169.96,172.5,145.65,159.45,Lagartija
WhatsApp Video 2025-11-01 at 7.30.12 PM.mp4,25,131.22,100.81,80.52,37.21,159.1,167.07,162.43,169.28,60.58,124.71,Lagartija
WhatsApp Video 2025-11-01 at 7.30.12 PM.mp4,30,118.63,92.8,61.96,35.39,142.87,170.75,148.75,171.01,124.61,130.59,Lagartija
WhatsApp Video 2025-11-01 at 7.30.12 PM.mp4,35,86.73,145.5,78.75,19.27,164.71,171.5,171.17,173.78,97.49,157.85,Lagartija
WhatsApp Video 2025-11-01 at 7.30.12 PM.mp4,40,77.24,155.46,55.67,20.92,169.56,165.86,174.62,175.84,118.08,164.56,Lagartija
WhatsApp Video 2025-11-01 at 7.30.12 PM.mp4,45,70.12,161.82,55.97,22.52,174.31,167.59,175.37,173.62,138.27,162.25,Lagartija
WhatsApp Video 2025-11-01 at 7.30.12 PM.mp4,50,80.65,167.46,59.12,16.95,169.15,167.99,171.18,165.59,150.85,155.59,Lagartija
WhatsApp Video 2025-11-01 at 7.30.12 PM.mp4,55,114.19,108.48,60.88,37.48,57.16,165.23,82.57,170.61,57.38,154.13,Lagartija
WhatsApp Video 2025-11-01 at 7.30.12 PM.mp4,60,114.07,121.25,68.29,33.07,63.31,161.42,72.08,163.35,141.88,156.51,Lagartija
WhatsApp Video 2025-11-01 at 7.30.12 PM.mp4,65,94.86,115.9,89.61,19.85,168.82,174.28,173.09,168.76,68.01,133.56,Lagartija
WhatsApp Video 2025-11-01 at 7.30.12 PM.mp4,70,61.17,148.14,58.07,22.2,173.68,170.17,177.17,174.43,122.73,156.3,Lagartija
WhatsApp Video 2025-11-01 at 7.30.12 PM.mp4,75,73.28,157.19,46.03,22.44,174.9,171.23,176.19,173.24,144.57,156.53,Lagartija
WhatsApp Video 2025-11-01 at 7.30.12 PM.mp4,80,65.72,161.97,55.76,19.91,174.95,171.13,174.82,171.8,130.05,155.84,Lagartija
WhatsApp Video 2025-11-01 at 7.30.12 PM.mp4,85,100.04,158.08,83.44,21.17,171.92,170.32,175.98,167.34,109.81,146.89,Lagartija
WhatsApp Video 2025-11-01 at 7.30.12 PM.mp4,90,147.78,105.31,88.64,35.96,51.4,166.84,53.67,166.4,170.97,151.73,Lagartija
WhatsApp Video 2025-11-01 at 7.30.12 PM.mp4,95,156.98,137.23,89.22,38.22,154.87,163.64,154.92,160.39,156.14,157.07,Lagartija
WhatsApp Video 2025-11-01 at 7.30.12 PM.mp4,100,155.95,110.92,87.4,41.49,165.77,168.0,163.71,163.25,151.83,160.23,Lagartija
sentadilla3.mp4,5,146.48,169.77,12.37,6.24,74.07,35.55,111.16,117.61,76.23,99.44,Sentadilla
sentadilla3.mp4,10,164.33,167.25,5.51,7.17,67.05,38.68,100.44,115.98,59.12,92.49,Sentadilla
sentadilla3.mp4,15,157.07,160.66,7.3,17.41,32.92,33.71,110.84,148.7,98.97,133.28,Sentadilla
sentadilla3.mp4,20,172.48,161.83,8.9,12.95,63.79,52.89,90.94,129.77,58.26,89.78,Sentadilla
sentadilla3.mp4,25,175.54,165.7,6.95,9.69,61.8,45.4,110.91,116.03,77.16,87.66,Sentadilla
sentadilla3.mp4,30,47.11,50.13,14.47,37.52,75.15,54.56,59.4,162.27,8.42,114.02,Sentadilla
sentadilla3.mp4,40,76.19,112.21,45.18,113.07,71.27,33.9,27.05,44.82,36.8,44.5,Sentadilla
sentadilla3.mp4,45,90.87,109.34,53.24,108.0,62.36,32.0,26.74,47.0,39.38,47.27,Sentadilla
sentadilla3.mp4,50,101.05,116.92,62.23,110.23,65.66,29.67,26.39,45.29,37.98,47.5,Sentadilla
sentadilla3.mp4,55,92.79,112.17,61.45,107.63,81.18,32.0,32.56,40.05,42.34,45.1,Sentadilla
sentadilla3.mp4,60,80.86,120.44,70.81,115.14,80.57,28.9,34.14,43.52,44.28,49.63,Sentadilla
sentadilla3.mp4,65,52.95,121.54,106.82,119.82,99.91,32.86,39.62,56.58,49.54,61.95,Sentadilla
sentadilla3.mp4,70,58.43,126.97,100.4,123.63,96.35,31.52,40.98,61.68,49.86,66.52,Sentadilla
sentadilla3.mp4,75,75.16,121.91,86.38,124.65,84.74,29.18,32.9,56.4,44.81,61.87,Sentadilla
sentadilla3.mp4,80,66.69,117.44,65.74,120.47,45.86,18.9,21.47,49.31,43.16,55.15,Sentadilla
sentadilla3.mp4,85,59.27,121.79,88.39,111.7,79.66,27.48,21.97,43.62,32.48,50.31,Sentadilla
sentadilla3.mp4,90,157.77,120.08,85.44,107.57,71.77,32.74,25.58,40.94,35.21,45.62,Sentadilla
sentadilla3.mp4,95,159.17,122.02,108.89,125.62,55.88,30.1,30.88,49.5,32.07,48.14,Sentadilla
sentadilla3.mp4,100,115.99,116.23,60.61,112.42,70.18,41.98,51.86,74.45,38.9,64.01,Sentadilla
sentadilla3.mp4,105,56.16,82.04,27.68,83.69,125.22,64.01,120.7,113.38,48.0,84.61,Sentadilla
sentadilla3.mp4,110,52.87,97.77,43.23,81.01,149.44,82.96,138.95,125.87,50.97,90.55,Sentadilla
sentadilla3.mp4,115,59.63,87.41,63.61,69.35,134.0,92.37,154.11,139.88,61.22,103.63,Sentadilla
sentadilla3.mp4,120,53.93,84.05,95.23,57.11,129.9,111.15,136.2,134.46,59.8,101.11,Sentadilla
sentadilla3.mp4,125,53.35,79.42,95.92,59.32,127.05,106.79,136.87,133.61,57.06,101.47,Sentadilla
sentadilla3.mp4,130,51.87,88.13,96.55,62.12,147.82,107.53,114.64,123.63,57.07,91.29,Sentadilla
sentadilla3.mp4,135,53.3,93.94,99.32,56.83,139.38,118.53,121.01,124.08,60.11,89.9,Sentadilla
sentadilla3.mp4,140,56.58,101.01,95.37,59.44,140.61,120.21,120.81,124.67,59.05,88.39,Sentadilla
sentadilla3.mp4,145,61.12,94.87,84.5,68.26,148.46,107.01,121.14,122.12,59.39,86.17,Sentadilla
sentadilla3.mp4,150,56.63,80.69,44.48,69.58,157.08,87.88,113.77,117.58,58.63,76.58,Sentadilla
sentadilla3.mp4,155,66.59,95.17,23.99,73.52,92.41,86.47,64.59,107.73,50.29,65.77,Sentadilla
sentadilla3.mp4,160,76.1,109.15,38.24,99.3,59.93,67.71,45.38,87.78,40.14,55.92,Sentadilla
sentadilla3.mp4,165,148.86,123.62,110.3,117.62,48.43,39.05,30.2,52.31,35.64,46.28,Sentadilla
sentadilla3.mp4,170,151.83,117.89,108.77,122.51,48.76,31.69,24.04,38.81,33.91,39.16,Sentadilla
sentadilla3.mp4,175,133.79,118.64,82.89,117.82,65.54,30.7,22.01,45.33,34.19,48.31,Sentadilla
sentadilla3.mp4,180,145.08,115.3,71.13,118.06,83.24,30.08,28.05,52.39,38.86,57.04,Sentadilla
sentadilla3.mp4,185,157.36,113.27,83.29,118.14,76.21,26.42,23.48,35.41,36.24,42.38,Sentadilla
sentadilla3.mp4,190,153.36,107.74,79.44,119.82,77.52,24.66,24.11,37.04,38.15,44.68,Sentadilla
sentadilla3.mp4,195,155.94,112.42,109.36,121.19,45.26,20.68,23.12,32.31,47.27,40.12,Sentadilla
sentadilla3.mp4,200,139.71,101.17,60.64,102.15,90.73,33.41,25.05,37.3,41.94,46.02,Sentadilla
sentadilla3.mp4,205,150.28,125.45,87.26,120.91,67.66,33.1,18.71,33.2,35.03,39.92,Sentadilla
sentadilla3.mp4,210,161.42,126.39,116.35,124.28,54.22,34.82,32.73,38.08,31.25,35.95,Sentadilla
sentadilla3.mp4,215,140.8,101.03,78.57,102.59,84.75,48.22,62.4,83.46,41.13,71.0,Sentadilla
sentadilla3.mp4,220,116.54,118.43,18.04,81.06,102.1,97.22,138.89,125.25,42.27,95.5,Sentadilla
sentadilla3.mp4,225,74.85,88.51,29.1,61.82,117.84,110.28,164.52,131.16,44.36,72.55,Sentadilla
sentadilla3.mp4,230,84.58,93.27,19.35,58.37,124.88,103.56,165.57,130.85,48.86,81.04,Sentadilla
sentadilla3.mp4,235,84.42,92.92,14.55,57.99,129.63,92.61,166.77,129.31,50.08,85.69,Sentadilla
sentadilla3.mp4,240,74.43,92.08,34.5,58.4,141.9,97.29,152.65,122.68,58.87,81.44,Sentadilla
sentadilla3.mp4,245,72.83,94.79,37.68,59.99,148.62,93.59,142.44,123.41,48.14,85.85,Sentadilla
sentadilla3.mp4,250,65.32,90.92,47.7,56.86,152.15,93.92,146.02,133.82,55.54,95.1,Sentadilla
sentadilla3.mp4,255,69.61,92.02,43.84,56.87,153.63,93.52,147.69,133.43,59.07,94.63,Sentadilla
sentadilla3.mp4,260,64.5,93.66,46.8,57.32,152.0,92.43,148.89,127.76,58.41,88.93,Sentadilla
sentadilla3.mp4,265,72.98,110.27,38.56,69.61,159.12,96.2,133.99,104.21,52.55,64.55,Sentadilla
sentadilla3.mp4,270,75.61,121.33,33.8,80.08,116.27,91.44,65.73,99.33,48.52,63.49,Sentadilla
sentadilla3.mp4,275,107.56,130.56,64.62,107.93,62.67,66.87,39.15,79.49,36.22,54.0,Sentadilla
sentadilla3.mp4,280,147.25,123.76,104.14,123.11,51.63,35.95,28.2,47.63,33.09,44.53,Sentadilla
sentadilla3.mp4,285,140.02,117.12,91.41,117.26,54.29,32.43,22.58,35.94,32.04,38.25,Sentadilla
sentadilla3.mp4,290,122.37,114.41,83.43,121.28,48.47,25.11,20.45,33.49,29.18,37.99,Sentadilla
sentadilla3.mp4,295,130.67,112.05,86.1,119.7,55.67,24.34,21.81,35.14,37.71,42.43,Sentadilla
sentadilla3.mp4,300,145.86,116.45,107.79,123.89,41.54,19.77,21.35,38.13,36.44,43.83,Sentadilla
sentadilla3.mp4,305,151.31,87.46,88.59,127.65,63.16,20.92,23.27,36.76,38.32,44.63,Sentadilla
sentadilla3.mp4,310,148.97,97.48,90.56,119.25,60.31,22.07,21.42,37.31,46.75,43.28,Sentadilla
sentadilla3.mp4,315,149.85,115.37,86.21,122.52,66.46,26.28,19.67,32.55,36.04,36.93,Sentadilla
sentadilla3.mp4,320,149.96,75.18,85.52,116.6,74.29,37.84,36.6,49.31,34.27,45.25,Sentadilla
sentadilla3.mp4,325,147.59,81.72,54.72,69.21,107.39,59.7,57.44,94.72,42.03,81.46,Sentadilla
sentadilla3.mp4,330,133.0,81.97,26.56,88.89,106.42,92.03,143.97,131.01,48.56,99.24,Sentadilla
sentadilla3.mp4,335,89.21,87.55,13.24,63.78,111.42,127.0,171.22,142.39,48.47,65.49,Sentadilla
sentadilla3.mp4,340,80.96,94.74,18.84,62.89,133.49,96.56,163.98,123.95,50.06,74.28,Sentadilla
sentadilla3.mp4,345,86.69,89.57,51.14,42.43,135.71,124.03,127.06,137.45,42.49,96.08,Sentadilla
sentadilla3.mp4,350,83.09,86.32,54.96,55.44,143.03,114.72,132.82,135.82,53.51,91.21,Sentadilla
sentadilla3.mp4,355,70.22,94.1,62.75,60.5,142.03,103.59,142.23,127.1,58.36,88.63,Sentadilla
sentadilla3.mp4,360,76.04,93.4,51.84,57.82,139.64,98.91,148.35,129.41,58.47,91.83,Sentadilla
sentadilla3.mp4,365,74.5,94.35,53.04,51.76,147.5,103.46,136.92,127.61,55.45,89.63,Sentadilla
sentadilla3.mp4,370,70.24,90.32,57.01,59.84,141.42,100.22,145.74,122.55,57.53,82.77,Sentadilla
sentadilla3.mp4,375,66.47,90.08,69.36,61.67,142.12,100.23,137.49,117.64,56.29,79.35,Sentadilla
sentadilla3.mp4,380,69.3,91.44,63.12,59.27,142.81,98.61,139.01,119.63,56.16,82.37,Sentadilla
sentadilla3.mp4,385,71.7,96.95,62.58,55.45,156.8,106.8,117.79,114.9,55.57,76.92,Sentadilla
sentadilla3.mp4,390,92.74,107.96,48.36,63.13,141.12,104.35,75.61,110.06,58.79,76.19,Sentadilla
sentadilla3.mp4,395,111.97,136.04,49.81,104.02,90.79,80.18,52.82,99.59,44.31,70.04,Sentadilla
sentadilla3.mp4,400,135.73,131.92,96.39,115.68,52.46,43.38,39.56,69.99,38.68,62.87,Sentadilla
sentadilla3.mp4,405,132.07,120.66,79.7,116.73,61.45,36.23,27.83,41.54,33.19,41.47,Sentadilla
sentadilla3.mp4,410,127.16,110.5,73.83,114.28,68.7,33.91,27.5,47.3,34.8,49.48,Sentadilla
sentadilla3.mp4,415,118.61,116.15,77.99,117.69,54.85,26.95,21.3,34.16,42.84,38.5,Sentadilla
sentadilla3.mp4,420,148.83,101.17,60.97,85.52,93.28,38.6,28.56,54.25,45.11,58.86,Sentadilla
sentadilla3.mp4,425,140.28,103.04,71.49,104.5,79.06,26.42,24.52,38.52,48.3,45.83,Sentadilla
sentadilla3.mp4,430,139.54,102.82,66.41,106.39,85.55,26.98,39.93,52.55,48.51,59.14,Sentadilla
sentadilla3.mp4,435,106.83,105.64,66.33,108.16,86.71,28.02,29.14,48.51,41.95,56.35,Sentadilla
sentadilla3.mp4,440,137.45,103.15,64.77,105.49,84.93,27.52,25.68,38.19,39.67,46.68,Sentadilla
sentadilla3.mp4,445,151.8,108.43,82.62,108.25,72.39,29.91,23.29,42.71,37.75,49.12,Sentadilla
sentadilla3.mp4,450,159.87,124.65,116.9,133.96,49.14,26.97,23.6,42.0,31.71,43.27,Sentadilla
sentadilla3.mp4,455,162.48,119.59,79.69,118.69,88.98,54.1,40.93,61.01,36.11,55.08,Sentadilla
sentadilla3.mp4,460,161.05,84.06,67.72,106.36,109.02,66.37,63.19,105.02,44.6,89.56,Sentadilla
sentadilla3.mp4,465,143.05,125.23,23.35,60.38,118.9,121.97,121.62,144.6,58.63,118.63,Sentadilla
sentadilla3.mp4,470,124.82,115.55,11.48,73.8,94.58,134.16,169.06,148.07,52.18,83.73,Sentadilla
sentadilla3.mp4,475,100.59,113.18,32.79,55.75,109.57,118.72,155.58,130.4,54.99,91.02,Sentadilla
sentadilla3.mp4,480,98.02,101.09,22.54,60.28,121.2,111.09,156.15,124.05,55.34,77.52,Sentadilla
sentadilla4.mp4,5,90.23,46.43,46.04,103.17,124.79,135.26,121.88,127.89,106.21,58.94,Sentadilla
sentadilla4.mp4,10,104.32,45.16,25.61,64.33,80.53,150.57,108.67,130.7,88.42,56.79,Sentadilla
sentadilla4.mp4,15,136.86,48.46,80.8,41.99,81.85,121.23,100.31,106.04,69.87,59.91,Sentadilla
sentadilla4.mp4,20,159.59,99.5,127.32,62.3,60.81,70.91,67.61,53.04,51.04,42.69,Sentadilla
sentadilla4.mp4,25,146.07,161.15,142.16,126.99,34.71,51.88,43.51,30.8,43.25,31.27,Sentadilla
sentadilla4.mp4,30,132.62,159.27,148.6,134.45,26.97,42.85,33.67,24.79,38.21,38.08,Sentadilla
sentadilla4.mp4,35,125.39,152.1,149.43,138.2,22.36,37.45,27.53,21.29,34.75,36.63,Sentadilla
sentadilla4.mp4,40,115.41,150.29,147.58,136.96,23.05,37.14,31.96,23.15,39.09,39.22,Sentadilla
sentadilla4.mp4,45,126.25,152.93,145.81,131.76,27.93,45.4,31.23,22.04,37.0,36.2,Sentadilla
sentadilla4.mp4,50,132.6,163.28,152.91,144.66,25.45,36.87,46.75,24.82,48.52,32.78,Sentadilla
sentadilla4.mp4,55,155.22,152.27,136.35,117.3,43.95,58.84,76.68,48.2,70.72,39.9,Sentadilla
sentadilla4.mp4,60,149.53,58.6,111.09,26.55,71.96,95.69,82.54,93.17,47.7,40.96,Sentadilla
sentadilla4.mp4,65,107.27,53.38,25.47,47.82,73.02,133.72,95.34,117.13,61.57,45.44,Sentadilla
sentadilla4.mp4,70,113.35,49.54,33.11,73.97,95.59,148.47,105.51,104.47,64.29,48.95,Sentadilla
sentadilla4.mp4,75,121.47,49.89,33.51,85.58,106.46,139.89,114.57,118.91,72.42,45.43,Sentadilla
sentadilla4.mp4,80,142.29,58.97,81.57,43.56,94.32,131.6,102.17,94.42,58.39,50.24,Sentadilla
sentadilla4.mp4,85,145.82,69.72,120.76,43.07,71.66,89.5,78.96,60.95,53.99,49.38,Sentadilla
sentadilla4.mp4,90,137.45,163.74,145.21,131.34,32.05,47.01,40.53,36.01,41.61,38.68,Sentadilla
sentadilla4.mp4,95,122.5,158.0,147.39,136.22,27.39,40.31,33.85,25.7,39.29,35.66,Sentadilla
sentadilla4.mp4,100,121.89,151.16,147.82,136.62,23.31,38.34,33.02,24.1,39.74,36.04,Sentadilla
sentadilla4.mp4,105,111.98,150.65,145.49,134.09,23.74,39.4,31.07,23.56,39.12,37.09,Sentadilla
sentadilla4.mp4,110,108.27,150.36,143.66,129.35,27.47,47.4,30.33,23.43,37.67,36.2,Sentadilla
sentadilla4.mp4,115,99.63,151.2,140.69,124.3,30.76,51.21,42.49,25.23,48.25,35.82,Sentadilla
sentadilla4.mp4,120,155.16,165.53,145.48,133.42,32.9,45.21,48.37,32.64,48.43,37.96,Sentadilla
sentadilla4.mp4,125,162.68,58.05,122.58,63.55,59.93,87.28,75.48,61.12,59.83,50.26,Sentadilla
sentadilla4.mp4,130,129.59,58.85,71.4,33.76,77.97,109.71,94.18,91.37,58.49,46.98,Sentadilla
sentadilla4.mp4,135,128.31,50.65,32.77,96.13,97.57,133.88,112.69,113.59,84.15,49.76,Sentadilla
sentadilla4.mp4,140,136.44,50.21,31.77,104.41,121.14,136.1,123.02,114.03,93.18,51.87,Sentadilla
sentadilla4.mp4,145,163.51,66.59,74.96,66.32,95.49,151.0,110.36,101.53,65.84,55.29,Sentadilla
sentadilla4.mp4,150,151.21,78.08,97.48,64.07,102.02,133.6,91.28,69.16,52.1,47.92,Sentadilla
sentadilla4.mp4,155,148.92,170.24,142.56,122.74,38.21,58.38,43.45,31.94,41.75,35.85,Sentadilla
sentadilla4.mp4,160,120.54,159.55,148.34,132.1,29.0,48.0,33.56,25.92,37.98,36.22,Sentadilla
sentadilla4.mp4,165,121.93,159.86,153.29,143.41,23.35,35.07,31.45,22.15,37.91,33.83,Sentadilla
sentadilla4.mp4,170,112.81,153.26,155.52,147.92,19.15,29.15,32.08,25.17,39.45,36.8,Sentadilla
sentadilla4.mp4,175,146.04,154.55,149.15,142.47,19.75,37.36,34.39,23.84,40.79,36.48,Sentadilla
sentadilla4.mp4,180,147.56,160.66,157.27,141.05,24.63,42.76,45.27,24.75,49.83,35.63,Sentadilla
sentadilla4.mp4,185,157.96,164.71,150.12,135.23,32.31,48.15,67.82,35.56,66.36,36.34,Sentadilla
sentadilla4.mp4,190,164.17,58.8,118.78,80.01,69.56,107.25,90.75,70.56,75.08,49.09,Sentadilla
sentadilla4.mp4,195,109.85,52.52,54.64,30.65,81.06,109.39,93.57,96.44,60.32,46.06,Sentadilla
sentadilla4.mp4,200,111.75,48.49,28.39,82.72,100.13,131.52,112.96,123.04,81.22,45.15,Sentadilla
sentadilla4.mp4,205,115.37,50.56,29.54,91.78,119.86,135.87,122.2,119.13,92.35,48.52,Sentadilla
sentadilla4.mp4,210,158.08,54.73,75.22,44.99,109.82,141.56,106.76,113.33,63.92,49.56,Sentadilla
sentadilla4.mp4,215,156.18,93.84,91.44,40.57,102.93,117.24,84.35,75.25,52.99,52.94,Sentadilla
sentadilla4.mp4,220,152.87,167.03,133.16,119.59,47.24,61.66,47.31,38.23,46.34,40.82,Sentadilla
sentadilla4.mp4,225,133.84,161.33,147.73,137.87,30.89,42.47,38.49,30.59,42.61,38.3,Sentadilla
sentadilla4.mp4,230,145.16,159.14,145.52,134.77,30.92,43.51,33.75,26.37,40.93,38.82,Sentadilla
sentadilla4.mp4,235,126.16,158.84,149.51,140.3,26.85,37.17,33.76,24.29,40.59,37.11,Sentadilla
sentadilla4.mp4,240,82.96,152.19,148.15,136.05,29.6,43.37,32.67,26.95,39.34,38.7,Sentadilla
sentadilla4.mp4,245,102.39,158.44,146.66,132.31,33.05,48.81,47.0,26.2,51.23,35.47,Sentadilla
sentadilla4.mp4,250,162.89,163.76,154.19,143.2,29.23,39.25,56.59,40.86,56.34,53.29,Sentadilla
sentadilla4.mp4,255,163.34,89.1,123.6,73.4,63.0,87.03,87.99,58.38,76.55,47.47,Sentadilla
sentadilla4.mp4,260,138.02,55.03,85.97,35.85,79.34,100.31,90.97,86.65,59.06,49.16,Sentadilla
sentadilla4.mp4,265,112.78,48.52,38.4,65.33,94.7,141.07,104.96,102.95,63.41,48.21,Sentadilla
sentadilla4.mp4,270,105.6,50.12,26.98,90.35,111.51,152.51,112.41,102.21,81.81,50.33,Sentadilla
sentadilla4.mp4,275,109.17,48.78,38.57,31.7,109.44,129.66,110.16,110.17,57.78,48.41,Sentadilla
sentadilla4.mp4,280,161.88,76.65,73.13,65.93,126.64,140.23,92.21,76.94,54.58,49.25,Sentadilla
sentadilla4.mp4,285,162.7,171.0,143.97,133.84,39.3,50.28,47.67,35.82,43.71,35.66,Sentadilla
sentadilla5.mp4,5,159.13,135.03,133.79,139.03,63.96,62.11,53.41,56.93,29.33,26.78,Sentadilla
sentadilla5.mp4,10,148.98,99.24,79.04,101.76,139.29,107.02,160.66,86.54,44.9,24.3,Sentadilla
sentadilla5.mp4,15,138.37,94.22,78.59,96.99,145.68,127.47,164.65,114.23,55.71,37.37,Sentadilla
sentadilla5.mp4,20,130.57,87.4,79.23,92.38,152.45,123.89,162.43,112.27,60.57,38.2,Sentadilla
sentadilla5.mp4,25,115.51,92.68,70.9,92.85,152.44,136.21,169.13,128.44,60.23,45.22,Sentadilla
sentadilla5.mp4,30,103.78,100.33,57.57,88.86,142.16,142.27,168.63,127.76,58.05,42.45,Sentadilla
sentadilla5.mp4,35,74.76,85.96,27.18,75.2,128.55,152.91,169.66,139.11,63.32,45.05,Sentadilla
sentadilla5.mp4,40,96.24,83.72,42.45,83.06,137.45,154.37,172.19,151.86,64.12,48.18,Sentadilla
sentadilla5.mp4,45,84.94,81.13,21.94,89.22,139.23,158.22,173.64,159.59,65.97,45.21,Sentadilla
sentadilla5.mp4,50,84.31,104.73,27.38,98.91,142.74,159.68,173.08,157.42,59.48,39.46,Sentadilla
sentadilla5.mp4,55,64.45,109.09,15.06,105.93,146.03,157.51,173.43,158.36,58.16,42.95,Sentadilla
sentadilla5.mp4,60,65.98,103.43,14.47,104.89,148.22,159.1,172.52,159.61,57.51,41.27,Sentadilla
sentadilla5.mp4,65,59.54,108.76,16.58,105.73,145.18,158.25,172.65,159.95,58.02,42.62,Sentadilla
sentadilla5.mp4,70,63.67,113.01,15.51,106.06,145.27,157.23,172.56,159.46,59.54,42.73,Sentadilla
sentadilla5.mp4,75,64.45,110.97,15.84,103.72,146.15,156.65,172.3,159.52,59.57,43.02,Sentadilla
sentadilla5.mp4,80,69.49,107.9,15.69,100.83,146.8,157.85,171.97,161.91,59.91,42.61,Sentadilla
sentadilla5.mp4,85,76.79,111.49,15.93,99.99,146.77,157.62,171.97,162.96,56.2,43.79,Sentadilla
sentadilla5.mp4,90,69.21,112.49,21.89,100.43,141.71,156.58,171.23,161.36,58.06,41.46,Sentadilla
sentadilla5.mp4,95,68.42,115.32,21.95,100.86,141.21,156.78,170.67,162.23,57.86,40.41,Sentadilla
sentadilla5.mp4,100,69.84,114.06,24.51,100.78,139.97,156.79,170.56,162.76,59.43,41.21,Sentadilla
sentadilla5.mp4,105,68.92,116.44,28.1,103.74,139.2,156.63,170.41,162.04,57.62,38.16,Sentadilla
sentadilla5.mp4,110,66.61,116.79,28.75,104.98,139.44,157.74,169.75,163.47,55.76,39.62,Sentadilla
sentadilla5.mp4,115,60.76,115.59,27.1,111.0,139.43,159.92,169.42,163.89,54.18,36.89,Sentadilla
sentadilla5.mp4,120,51.71,119.06,23.83,113.6,137.03,160.5,168.82,164.32,54.49,36.11,Sentadilla
sentadilla5.mp4,125,74.0,116.28,20.5,111.83,137.67,161.14,167.66,167.13,54.58,35.32,Sentadilla
sentadilla5.mp4,130,142.03,114.43,90.68,109.19,137.69,161.94,166.81,167.3,55.94,35.54,Sentadilla
sentadilla5.mp4,135,145.17,82.48,99.31,104.85,136.37,163.4,166.54,166.99,57.4,32.81,Sentadilla
sentadilla5.mp4,140,143.24,88.19,101.18,102.69,138.69,164.83,166.43,168.26,62.22,35.04,Sentadilla
sentadilla5.mp4,145,143.38,89.12,103.65,104.55,141.7,166.57,162.41,167.23,49.03,34.94,Sentadilla
sentadilla5.mp4,150,145.36,86.94,104.76,106.96,143.59,167.78,150.3,161.94,54.66,29.42,Sentadilla
sentadilla5.mp4,155,146.83,79.74,102.82,110.15,70.35,157.97,27.6,140.79,43.48,23.61,Sentadilla
sentadilla5.mp4,160,149.02,77.24,94.9,100.15,75.45,154.27,23.43,131.44,49.67,23.66,Sentadilla
sentadilla5.mp4,165,148.16,66.82,97.89,88.67,70.67,115.45,23.07,91.09,57.88,26.09,Sentadilla
sentadilla5.mp4,170,148.33,66.4,104.63,81.17,62.26,115.47,24.11,93.18,64.45,26.77,Sentadilla
sentadilla5.mp4,175,136.35,72.45,103.62,88.64,45.42,89.12,20.21,69.12,65.03,28.73,Sentadilla
sentadilla5.mp4,180,126.12,68.9,101.78,79.1,39.93,74.95,19.5,55.61,64.36,48.85,Sentadilla
sentadilla5.mp4,185,122.27,66.05,110.76,79.19,35.47,66.91,22.05,50.06,68.11,50.6,Sentadilla
sentadilla5.mp4,190,113.87,65.19,108.17,80.0,36.06,38.46,23.63,22.04,70.17,47.9,Sentadilla
sentadilla5.mp4,195,112.52,66.94,105.05,75.72,35.87,41.17,21.88,22.91,74.93,56.68,Sentadilla
sentadilla5.mp4,200,118.0,70.61,106.9,81.53,41.95,38.35,27.04,19.77,73.14,56.05,Sentadilla
sentadilla5.mp4,205,117.3,62.6,106.65,72.45,46.12,35.3,31.91,19.25,99.21,47.18,Sentadilla
sentadilla5.mp4,210,126.53,80.23,115.28,84.17,47.28,37.79,34.96,21.61,86.49,39.92,Sentadilla
sentadilla5.mp4,215,134.27,98.04,118.91,99.64,49.31,40.8,37.14,25.7,90.7,37.32,Sentadilla
sentadilla5.mp4,220,146.3,104.79,119.81,99.17,52.34,49.31,35.15,30.48,75.64,35.73,Sentadilla
sentadilla5.mp4,225,144.54,62.98,100.88,69.71,76.39,63.33,53.44,42.26,89.47,42.18,Sentadilla
sentadilla5.mp4,230,149.04,61.89,88.87,70.31,88.0,106.67,48.83,81.89,44.51,31.8,Sentadilla
sentadilla5.mp4,235,145.3,75.17,97.62,74.82,104.34,121.73,93.76,99.59,73.31,33.87,Sentadilla
sentadilla5.mp4,240,152.97,127.96,111.57,108.47,125.8,110.34,129.95,85.91,64.19,31.89,Sentadilla
sentadilla5.mp4,245,152.2,134.67,114.96,113.77,138.76,121.77,159.93,99.54,60.21,32.93,Sentadilla
sentadilla5.mp4,250,144.4,134.01,116.37,115.41,147.27,135.23,168.49,120.18,57.72,34.32,Sentadilla
sentadilla5.mp4,255,140.26,123.75,113.13,114.0,147.05,153.4,173.45,149.09,61.72,40.95,Sentadilla
sentadilla5.mp4,260,140.8,116.42,105.58,109.45,142.4,161.99,173.24,162.3,65.32,40.04,Sentadilla
sentadilla5.mp4,265,133.96,85.32,87.38,92.51,133.59,152.63,172.34,149.96,66.51,37.64,Sentadilla
sentadilla5.mp4,270,71.58,98.81,19.58,89.64,128.62,156.49,172.91,162.11,68.57,41.79,Sentadilla
sentadilla5.mp4,275,74.33,87.99,25.73,84.23,125.0,159.08,171.0,162.94,66.9,45.55,Sentadilla
sentadilla5.mp4,280,72.93,109.49,15.86,27.63,129.68,166.28,172.21,156.99,71.01,46.03,Sentadilla
sentadilla5.mp4,285,77.75,124.37,15.98,15.07,136.04,167.02,169.69,151.69,71.01,50.57,Sentadilla
sentadilla5.mp4,290,78.82,129.46,31.6,14.86,132.48,159.39,170.36,148.36,83.63,84.77,Sentadilla
sentadilla5.mp4,295,99.06,136.55,14.31,14.63,125.11,158.55,169.27,151.19,106.96,88.03,Sentadilla
sentadilla5.mp4,300,86.05,137.28,11.16,13.28,127.19,159.29,169.99,159.46,104.97,76.13,Sentadilla
sentadilla5.mp4,305,55.3,130.83,36.9,16.83,124.55,164.34,166.95,155.84,109.75,77.23,Sentadilla
sentadilla5.mp4,310,125.78,122.42,54.28,18.66,126.17,165.42,170.66,157.75,118.11,78.64,Sentadilla
sentadilla5.mp4,315,128.07,121.57,55.76,21.28,133.5,167.14,165.61,164.45,99.82,81.19,Sentadilla
sentadilla5.mp4,320,134.47,122.07,58.57,20.57,127.64,165.94,162.86,152.89,144.05,90.92,Sentadilla
sentadilla5.mp4,325,129.04,119.69,53.0,21.96,125.25,166.73,165.04,155.83,139.88,83.33,Sentadilla
sentadilla5.mp4,330,143.0,117.65,41.55,24.1,129.27,170.01,171.76,151.74,141.73,85.22,Sentadilla
sentadilla5.mp4,335,153.43,113.43,37.85,26.25,136.67,171.32,171.37,143.55,132.79,89.51,Sentadilla
sentadilla5.mp4,340,147.51,82.49,41.79,43.71,134.8,168.66,171.41,136.75,131.71,91.86,Sentadilla
sentadilla5.mp4,345,127.97,86.61,45.24,45.12,134.09,160.37,170.42,137.08,117.23,98.67,Sentadilla
sentadilla5.mp4,350,128.75,84.63,42.61,46.42,133.46,159.36,169.85,146.15,118.36,93.78,Sentadilla
sentadilla5.mp4,355,134.98,90.39,42.03,42.75,133.05,163.09,172.14,147.88,118.86,91.69,Sentadilla
sentadilla5.mp4,360,134.56,102.93,40.23,33.46,132.58,169.29,171.12,158.13,128.49,80.11,Sentadilla
sentadilla5.mp4,365,125.86,102.51,44.39,33.32,131.84,167.46,168.96,156.52,125.93,76.71,Sentadilla
sentadilla5.mp4,370,132.7,109.75,43.21,33.27,129.45,164.66,166.87,156.58,131.37,75.61,Sentadilla
sentadilla5.mp4,375,129.84,104.62,32.74,36.5,129.7,158.94,163.71,154.5,131.28,75.11,Sentadilla
sentadilla5.mp4,380,108.02,111.81,27.41,33.89,124.94,146.73,147.06,130.51,128.08,74.14,Sentadilla
sentadilla5.mp4,385,89.77,114.97,23.84,34.84,96.86,101.96,120.22,87.62,120.89,65.99,Sentadilla
sentadilla5.mp4,390,69.6,124.84,36.47,30.83,99.14,85.32,104.53,72.98,120.07,61.64,Sentadilla
sentadilla5.mp4,395,84.34,130.11,37.51,28.53,89.29,91.75,110.32,66.12,118.89,55.43,Sentadilla
sentadilla5.mp4,400,81.39,130.68,36.41,29.38,84.71,79.52,106.64,55.5,121.47,49.52,Sentadilla
sentadilla5.mp4,405,78.25,125.62,37.97,31.17,80.21,79.56,90.87,58.73,118.96,98.64,Sentadilla
sentadilla5.mp4,410,93.28,122.24,40.49,32.84,78.3,64.01,89.7,40.58,123.05,86.1,Sentadilla
sentadilla5.mp4,415,76.8,121.32,37.91,33.02,81.81,56.01,89.95,40.48,128.36,63.22,Sentadilla
sentadilla5.mp4,420,67.96,120.94,40.17,32.61,89.01,55.55,94.49,44.5,126.13,61.46,Sentadilla
sentadilla5.mp4,425,67.85,123.63,40.29,28.81,92.58,63.81,111.0,38.17,138.74,60.29,Sentadilla
sentadilla5.mp4,430,75.48,131.34,38.86,26.45,94.68,77.49,106.65,52.39,140.77,76.35,Sentadilla
sentadilla5.mp4,435,85.59,134.59,41.99,26.98,91.77,90.9,116.61,61.66,130.31,60.27,Sentadilla
sentadilla5.mp4,440,90.59,131.96,43.29,27.46,86.75,95.8,117.6,69.79,124.43,55.34,Sentadilla
sentadilla5.mp4,445,83.32,133.56,45.61,24.66,97.1,101.94,144.5,81.99,130.56,68.38,Sentadilla
sentadilla5.mp4,450,79.92,136.92,41.35,22.49,101.65,110.99,149.27,101.74,126.05,69.75,Sentadilla
sentadilla5.mp4,455,78.27,133.58,46.22,22.64,103.53,129.96,149.64,129.02,99.0,74.23,Sentadilla
sentadilla5.mp4,460,81.53,127.25,46.52,24.38,107.86,142.01,155.79,150.16,93.92,87.43,Sentadilla
sentadilla5.mp4,465,79.25,122.11,44.27,24.47,112.43,153.48,161.22,158.48,94.73,92.49,Sentadilla
sentadilla5.mp4,470,79.47,123.54,36.28,26.96,105.46,154.06,167.6,140.93,92.27,116.79,Sentadilla
sentadilla5.mp4,475,79.77,129.95,32.93,23.99,107.4,157.38,169.08,163.77,90.61,95.31,Sentadilla
sentadilla5.mp4,480,97.67,132.65,13.66,19.18,108.93,157.21,167.21,166.63,98.0,85.63,Sentadilla
sentadilla5.mp4,485,90.06,131.92,17.4,16.16,111.53,170.29,168.58,173.13,97.5,77.06,Sentadilla
sentadilla5.mp4,490,82.17,130.35,22.89,14.24,113.0,173.55,171.11,177.4,102.79,77.95,Sentadilla
sentadilla5.mp4,495,70.75,129.57,29.37,11.26,115.33,176.09,171.43,176.28,101.7,72.53,Sentadilla
sentadilla5.mp4,500,63.17,127.55,40.03,12.51,116.38,171.94,172.5,176.17,95.29,71.47,Sentadilla
sentadilla5.mp4,505,61.59,124.85,37.81,12.51,121.06,176.27,167.88,177.36,94.78,70.29,Sentadilla
sentadilla5.mp4,510,81.69,124.32,45.67,13.23,119.5,173.39,166.51,178.18,98.88,70.67,Sentadilla
sentadilla5.mp4,515,74.68,124.99,45.53,12.93,121.69,174.27,167.6,176.43,90.13,71.17,Sentadilla
sentadilla5.mp4,520,66.59,124.6,43.32,13.9,124.32,177.13,165.89,176.62,88.87,70.03,Sentadilla
sentadilla5.mp4,525,61.82,123.84,42.66,16.35,123.19,176.66,164.88,173.03,90.58,69.49,Sentadilla
sentadilla5.mp4,530,67.92,122.28,36.13,17.68,115.74,170.9,164.69,164.76,103.94,70.82,Sentadilla
sentadilla5.mp4,535,66.76,127.25,34.59,18.76,113.11,151.19,161.96,145.91,112.76,69.86,Sentadilla
sentadilla5.mp4,540,111.94,118.0,40.72,27.98,111.46,137.93,157.61,117.93,135.08,70.09,Sentadilla
sentadilla5.mp4,545,120.74,104.09,41.34,38.75,109.43,118.37,153.69,92.53,135.45,66.07,Sentadilla
sentadilla5.mp4,550,119.52,104.74,41.62,39.34,105.57,102.84,148.7,74.33,141.0,57.7,Sentadilla
sentadilla5.mp4,555,125.65,111.7,41.88,38.06,108.34,99.99,150.32,76.42,144.91,64.37,Sentadilla
sentadilla5.mp4,560,111.11,121.28,40.09,35.22,92.73,76.59,114.0,57.26,125.18,75.03,Sentadilla
sentadilla5.mp4,565,60.61,118.26,34.4,36.54,82.54,65.67,89.25,48.73,118.73,79.44,Sentadilla
sentadilla5.mp4,570,60.94,116.87,32.11,37.83,71.66,57.17,79.61,38.74,111.19,67.67,Sentadilla
sentadilla5.mp4,575,69.5,115.02,31.03,38.25,67.3,53.83,77.95,34.47,112.42,61.46,Sentadilla
sentadilla5.mp4,580,84.17,118.16,44.56,38.03,67.4,54.29,69.45,35.15,107.16,68.41,Sentadilla
sentadilla5.mp4,585,72.04,119.53,48.56,38.03,66.37,56.39,67.93,37.08,104.12,70.41,Sentadilla
sentadilla5.mp4,590,68.04,121.2,46.55,36.65,67.15,60.9,81.49,40.84,111.13,67.66,Sentadilla
sentadilla5.mp4,595,65.96,120.83,43.9,34.59,73.5,63.2,108.16,46.0,126.82,64.1,Sentadilla
sentadilla5.mp4,600,132.34,120.44,53.8,35.95,87.42,73.4,125.36,55.14,132.13,66.44,Sentadilla
sentadilla5.mp4,605,73.21,117.91,56.69,33.55,86.44,82.0,133.66,69.1,124.32,65.81,Sentadilla
sentadilla5.mp4,610,80.79,120.46,71.12,35.62,79.79,80.57,139.7,94.3,116.95,82.45,Sentadilla
sentadilla5.mp4,615,74.1,121.38,64.1,31.86,85.93,104.37,146.73,107.03,125.11,81.29,Sentadilla
sentadilla5.mp4,620,79.7,130.48,58.68,27.51,95.31,124.07,151.45,135.9,90.82,77.48,Sentadilla
sentadilla5.mp4,625,84.24,129.78,54.3,26.14,107.95,141.83,161.5,162.47,94.97,81.12,Sentadilla
sentadilla5.mp4,630,72.57,125.84,43.92,24.87,115.25,157.71,172.43,179.08,96.75,84.78,Sentadilla
sentadilla5.mp4,635,77.85,128.11,40.66,21.22,118.59,167.47,174.62,176.51,100.64,82.39,Sentadilla
sentadilla5.mp4,640,68.61,128.1,23.87,19.91,120.43,168.44,171.33,175.52,102.07,78.44,Sentadilla
sentadilla5.mp4,645,80.4,129.62,32.62,20.58,124.65,161.87,170.06,162.88,100.72,85.67,Sentadilla
sentadilla5.mp4,650,90.77,130.32,36.91,21.21,120.99,154.9,162.57,157.01,111.55,82.46,Sentadilla
sentadilla5.mp4,655,116.06,129.4,35.95,22.83,121.16,142.86,167.73,138.37,138.61,85.05,Sentadilla
sentadilla5.mp4,660,126.23,125.55,42.22,25.76,115.8,119.1,163.81,98.63,146.13,74.68,Sentadilla
sentadilla5.mp4,665,133.32,118.05,36.67,29.83,114.48,97.51,150.94,68.81,128.08,57.15,Sentadilla
sentadilla5.mp4,670,126.9,128.11,35.76,30.23,110.46,86.87,137.37,61.51,145.87,57.78,Sentadilla
sentadilla5.mp4,675,73.6,126.51,40.57,32.64,88.43,75.73,93.15,52.34,127.21,77.42,Sentadilla
sentadilla5.mp4,680,108.42,123.36,46.91,34.89,80.7,75.04,87.58,57.97,124.04,90.09,Sentadilla
sentadilla5.mp4,685,123.71,120.39,50.35,39.24,73.94,62.75,73.04,45.48,115.08,80.85,Sentadilla
sentadilla5.mp4,690,63.22,119.11,36.25,39.64,71.83,53.62,59.64,38.06,98.86,54.8,Sentadilla
sentadilla5.mp4,695,72.07,120.26,47.28,38.48,66.39,58.34,76.17,39.22,113.32,61.64,Sentadilla
sentadilla5.mp4,700,83.39,122.89,44.73,36.55,72.3,70.52,92.96,51.03,127.7,74.91,Sentadilla
sentadilla5.mp4,705,90.8,125.14,51.75,36.22,71.72,86.18,106.25,65.12,135.88,69.05,Sentadilla
sentadilla5.mp4,710,78.19,123.79,54.16,33.46,92.89,95.37,129.21,72.37,133.39,64.12,Sentadilla
sentadilla5.mp4,715,76.83,126.47,58.87,32.13,87.57,87.45,136.18,78.6,126.03,73.65,Sentadilla
sentadilla5.mp4,720,68.38,132.09,52.2,27.67,96.3,112.63,145.58,101.42,119.3,60.76,Sentadilla
sentadilla5.mp4,725,83.63,133.88,51.65,25.78,104.92,129.22,150.49,128.53,112.25,66.0,Sentadilla
sentadilla5.mp4,730,62.37,133.06,47.25,26.44,110.27,145.57,159.69,152.68,84.11,70.08,Sentadilla
sentadilla5.mp4,735,68.49,131.14,40.25,25.03,115.75,154.88,168.88,173.89,90.35,85.29,Sentadilla
sentadilla5.mp4,740,78.61,128.68,35.38,26.57,118.04,160.08,170.85,173.88,90.93,90.12,Sentadilla
sentadilla5.mp4,745,91.09,129.03,28.47,24.81,119.8,163.75,168.1,177.11,85.99,76.17,Sentadilla
sentadilla5.mp4,750,86.33,126.54,32.08,23.64,117.61,161.88,161.01,167.97,83.75,75.02,Sentadilla
sentadilla5.mp4,755,94.37,124.74,46.84,27.34,117.28,153.76,157.22,157.52,97.68,78.37,Sentadilla
sentadilla5.mp4,760,69.42,116.08,45.38,32.3,107.38,120.99,147.21,112.79,108.38,76.45,Sentadilla
sentadilla5.mp4,765,124.88,110.13,53.02,35.78,103.87,106.26,139.13,85.85,125.03,67.66,Sentadilla
sentadilla5.mp4,770,124.4,114.7,46.99,34.22,103.35,100.79,129.28,78.8,124.08,75.56,Sentadilla
sentadilla5.mp4,775,119.04,122.5,40.61,31.25,100.89,74.96,112.54,64.74,126.49,62.04,Sentadilla
sentadilla5.mp4,780,70.0,121.21,33.3,31.81,87.66,71.61,97.84,55.7,121.98,62.73,Sentadilla
sentadilla5.mp4,785,58.97,112.71,34.6,35.23,75.86,61.75,65.62,48.37,110.11,76.45,Sentadilla
sentadilla5.mp4,790,107.11,110.64,40.67,35.93,72.82,58.75,57.71,46.95,105.96,82.32,Sentadilla
sentadilla5.mp4,795,90.66,108.45,39.34,32.87,73.37,56.46,76.43,42.4,116.56,80.58,Sentadilla
sentadilla5.mp4,800,49.86,111.31,33.55,33.53,78.22,59.64,79.66,41.4,118.02,76.07,Sentadilla
sentadilla5.mp4,805,52.66,124.3,31.78,30.31,76.9,65.67,92.54,47.57,136.17,70.45,Sentadilla
sentadilla5.mp4,810,52.17,120.78,37.55,30.33,75.5,68.47,117.96,53.29,145.17,66.45,Sentadilla
sentadilla5.mp4,815,68.66,121.99,56.15,27.04,70.71,78.92,113.81,68.16,139.38,80.58,Sentadilla
sentadilla5.mp4,820,76.74,122.44,43.92,24.81,76.71,89.09,114.01,80.6,131.48,75.26,Sentadilla
sentadilla5.mp4,825,63.08,125.28,50.65,26.48,84.83,104.9,127.04,99.54,122.88,75.86,Sentadilla
sentadilla5.mp4,830,91.73,126.16,62.21,23.54,92.08,113.24,146.16,117.66,108.21,89.28,Sentadilla
sentadilla5.mp4,835,72.34,128.79,48.66,16.07,105.07,146.92,165.45,148.73,103.75,73.52,Sentadilla
sentadilla5.mp4,840,68.04,132.01,40.84,14.26,108.0,159.86,175.46,159.44,104.08,82.73,Sentadilla
sentadilla5.mp4,845,71.91,125.27,24.19,16.83,109.93,166.81,175.1,163.74,108.76,85.24,Sentadilla
sentadilla5.mp4,850,118.41,127.03,33.85,17.08,107.02,161.79,174.83,164.15,105.53,82.54,Sentadilla
sentadilla5.mp4,855,87.73,130.48,26.65,17.23,107.63,162.64,173.48,162.25,117.35,70.01,Sentadilla
sentadilla5.mp4,860,86.33,132.82,39.81,17.33,109.38,154.31,165.2,152.02,105.12,69.38,Sentadilla
sentadilla5.mp4,865,54.22,127.91,42.79,18.82,109.48,129.87,130.73,121.51,115.23,63.55,Sentadilla
sentadilla5.mp4,870,56.97,123.29,33.03,21.26,95.13,106.26,97.75,94.8,133.1,80.06,Sentadilla
sentadilla5.mp4,875,70.97,114.18,31.32,28.54,71.07,82.98,63.21,71.09,132.49,85.51,Sentadilla
sentadilla5.mp4,880,70.28,104.07,37.49,31.1,61.69,76.87,60.84,62.33,124.94,80.89,Sentadilla
sentadilla5.mp4,885,64.62,100.29,42.27,31.31,61.28,68.07,66.66,52.22,118.94,86.96,Sentadilla
sentadilla5.mp4,890,70.03,102.5,44.58,29.89,61.46,60.91,67.89,46.44,120.96,93.66,Sentadilla
sentadilla5.mp4,895,119.48,100.01,48.37,38.77,65.46,57.75,69.35,44.11,123.81,113.12,Sentadilla
sentadilla5.mp4,900,99.52,99.79,43.8,39.52,69.72,58.35,71.34,43.47,120.78,102.01,Sentadilla
sentadilla5.mp4,905,122.57,105.54,48.85,42.51,72.17,61.94,70.13,46.1,122.17,100.27,Sentadilla
sentadilla5.mp4,910,121.76,109.29,52.18,35.5,65.19,65.52,70.09,49.04,120.42,97.48,Sentadilla
sentadilla5.mp4,915,120.86,107.91,53.26,34.34,68.98,70.85,84.47,58.75,133.24,96.65,Sentadilla
sentadilla5.mp4,920,70.81,110.92,35.74,32.48,65.44,79.36,99.81,66.66,137.95,81.1,Sentadilla
sentadilla5.mp4,925,55.72,112.57,37.54,28.71,81.02,83.35,123.23,74.85,148.38,68.09,Sentadilla
sentadilla5.mp4,930,70.91,121.49,29.99,23.97,83.59,87.04,122.87,92.47,128.88,76.92,Sentadilla
sentadilla5.mp4,935,83.01,130.28,24.34,20.9,100.86,97.77,152.89,116.5,113.35,89.66,Sentadilla
sentadilla5.mp4,940,60.51,134.5,33.45,17.17,107.96,133.15,164.22,141.66,110.72,89.51,Sentadilla
sentadilla5.mp4,945,54.67,134.61,36.02,16.4,115.39,157.16,172.66,159.82,113.52,79.37,Sentadilla
sentadilla5.mp4,950,77.21,132.97,28.49,15.95,127.72,166.09,177.13,163.35,116.81,86.6,Sentadilla
sentadilla5.mp4,955,60.85,128.83,25.17,17.16,112.01,166.49,176.06,166.73,113.36,86.67,Sentadilla
sentadilla5.mp4,960,107.61,127.91,29.83,15.57,114.43,163.16,175.55,166.55,111.17,83.03,Sentadilla
sentadilla5.mp4,965,100.74,128.11,25.68,12.9,116.18,164.08,173.88,158.19,114.79,84.14,Sentadilla
sentadilla5.mp4,970,83.97,128.02,15.31,12.78,117.65,156.42,170.46,148.11,109.75,86.82,Sentadilla
sentadilla5.mp4,975,61.51,129.02,9.38,10.48,121.62,141.01,155.75,128.31,115.93,79.93,Sentadilla
sentadilla5.mp4,980,80.18,123.88,27.25,12.69,113.65,124.49,123.61,106.28,120.19,80.44,Sentadilla
sentadilla5.mp4,985,59.62,123.52,22.79,15.07,97.71,106.33,101.54,83.96,115.21,78.15,Sentadilla
sentadilla5.mp4,990,43.06,119.82,29.92,19.4,82.69,89.19,76.59,66.89,127.16,89.46,Sentadilla
sentadilla5.mp4,995,51.89,116.31,36.29,22.21,73.57,79.85,65.36,58.78,127.75,83.71,Sentadilla
sentadilla5.mp4,1000,61.64,110.95,36.91,24.17,61.01,72.05,49.68,50.7,113.02,71.54,Sentadilla
sentadilla5.mp4,1005,67.27,108.23,32.33,27.27,58.31,66.5,50.41,44.13,113.96,67.75,Sentadilla
sentadilla5.mp4,1010,104.55,103.45,42.67,29.69,53.1,63.03,46.38,41.7,116.39,73.01,Sentadilla
sentadilla5.mp4,1015,106.26,108.15,49.56,29.95,54.22,66.4,54.08,43.65,123.1,71.41,Sentadilla
sentadilla5.mp4,1020,85.46,115.45,58.97,27.36,61.78,72.69,65.77,50.96,129.82,88.64,Sentadilla
sentadilla5.mp4,1025,107.24,117.28,65.28,27.31,63.23,74.69,67.14,56.42,130.34,88.31,Sentadilla
sentadilla5.mp4,1030,36.48,117.45,60.1,26.14,66.72,86.11,86.18,71.33,136.01,84.82,Sentadilla
sentadilla5.mp4,1035,52.9,123.66,52.67,24.47,88.59,97.74,101.14,85.52,119.39,70.49,Sentadilla
sentadilla5.mp4,1040,64.69,122.82,36.24,22.09,102.44,107.02,132.24,103.08,112.74,73.43,Sentadilla
sentadilla5.mp4,1045,58.65,129.47,28.62,19.38,108.34,133.8,156.56,130.42,106.68,79.52,Sentadilla
sentadilla5.mp4,1050,52.03,130.58,31.06,18.18,114.23,144.36,170.03,147.51,116.12,86.18,Sentadilla
sentadilla5.mp4,1055,57.2,134.79,29.77,15.76,122.28,155.65,175.65,161.07,117.95,86.92,Sentadilla
sentadilla5.mp4,1060,82.67,133.13,7.12,17.28,110.07,160.25,176.21,166.95,110.43,88.34,Sentadilla
sentadilla5.mp4,1065,113.0,129.46,28.56,17.32,110.6,165.46,174.97,164.84,111.84,90.43,Sentadilla
sentadilla5.mp4,1070,128.39,127.24,40.43,18.36,108.73,164.93,174.21,165.13,109.72,90.6,Sentadilla
sentadilla5.mp4,1075,125.78,127.99,35.38,17.53,105.69,163.15,173.29,164.82,102.47,88.13,Sentadilla
sentadilla5.mp4,1080,122.0,129.29,34.04,17.63,106.57,163.59,172.53,162.95,104.58,79.66,Sentadilla
sentadilla5.mp4,1085,59.63,126.53,18.42,15.63,115.29,153.79,171.43,150.45,110.96,78.97,Sentadilla
sentadilla5.mp4,1090,69.35,121.47,35.71,18.14,120.55,136.77,161.35,128.55,123.55,78.73,Sentadilla
sentadilla5.mp4,1095,44.07,120.55,35.6,21.17,99.86,105.19,114.14,93.61,133.29,83.31,Sentadilla
sentadilla5.mp4,1100,77.54,113.6,30.94,23.8,76.24,87.52,78.07,74.32,129.46,91.41,Sentadilla
sentadilla5.mp4,1105,56.2,108.35,35.74,23.44,70.53,83.12,73.24,70.91,135.9,92.7,Sentadilla
sentadilla5.mp4,1110,58.74,105.09,32.0,26.89,70.82,72.14,85.02,56.3,134.03,73.87,Sentadilla
sentadilla5.mp4,1115,51.35,105.34,43.17,25.86,62.72,66.38,66.93,51.04,122.08,69.86,Sentadilla
sentadilla5.mp4,1120,50.45,104.02,45.67,26.71,61.35,66.76,75.89,52.5,128.16,97.72,Sentadilla
sentadilla5.mp4,1125,56.46,107.79,52.7,27.9,60.86,67.8,71.64,52.46,123.45,93.78,Sentadilla
sentadilla5.mp4,1130,123.39,110.09,56.99,27.85,66.71,70.76,77.13,56.31,131.05,101.85,Sentadilla
sentadilla5.mp4,1135,128.64,119.56,60.96,25.18,66.84,77.63,81.23,62.77,129.88,99.5,Sentadilla
sentadilla5.mp4,1140,107.12,116.87,56.77,25.3,75.04,82.47,110.56,69.14,140.65,89.16,Sentadilla
sentadilla5.mp4,1145,75.66,126.22,35.91,27.49,74.68,90.74,105.86,84.15,122.26,72.85,Sentadilla
sentadilla5.mp4,1150,112.73,130.97,64.04,25.96,91.48,90.87,120.08,94.19,121.5,78.46,Sentadilla
sentadilla5.mp4,1155,98.79,131.21,57.84,23.32,99.94,102.78,149.06,117.74,106.43,88.95,Sentadilla
sentadilla5.mp4,1160,108.5,132.01,50.89,18.39,113.31,123.18,165.0,138.94,110.5,94.73,Sentadilla
sentadilla5.mp4,1165,107.77,129.07,49.41,17.24,120.08,148.44,173.22,148.83,111.82,105.9,Sentadilla
sentadilla5.mp4,1170,89.16,130.18,46.05,17.71,119.57,155.73,176.8,156.57,117.17,102.41,Sentadilla
sentadilla5.mp4,1175,50.83,127.33,27.44,19.2,122.79,165.41,175.63,160.45,115.99,93.5,Sentadilla
sentadilla5.mp4,1180,112.25,123.7,32.14,20.15,116.66,168.5,173.78,166.72,124.89,84.32,Sentadilla
sentadilla5.mp4,1185,126.69,125.77,39.23,17.97,110.87,165.27,172.64,169.69,112.82,80.22,Sentadilla
sentadilla5.mp4,1190,110.96,127.83,28.95,18.65,112.32,167.0,170.97,165.48,110.49,82.75,Sentadilla
sentadilla5.mp4,1195,92.74,128.99,16.61,15.77,112.39,158.02,168.96,155.51,107.6,75.65,Sentadilla
sentadilla5.mp4,1200,109.66,126.87,37.6,14.57,120.49,143.3,164.43,135.28,116.97,74.47,Sentadilla
sentadilla5.mp4,1205,89.48,119.65,36.88,20.05,104.79,105.79,117.94,94.44,118.54,102.29,Sentadilla
sentadilla5.mp4,1210,116.33,117.23,50.18,21.41,82.32,92.41,80.79,79.65,121.82,97.98,Sentadilla
sentadilla5.mp4,1215,122.23,112.92,60.61,27.35,72.69,83.89,68.9,72.59,119.37,101.52,Sentadilla
sentadilla5.mp4,1220,114.72,109.78,53.99,30.63,65.46,83.42,66.68,71.4,124.85,92.79,Sentadilla
sentadilla5.mp4,1225,112.39,106.68,52.5,32.48,59.29,79.28,65.56,66.0,118.85,79.37,Sentadilla
sentadilla5.mp4,1230,100.59,108.11,55.08,31.6,54.44,74.19,65.04,59.04,115.69,73.79,Sentadilla
sentadilla5.mp4,1235,91.56,104.28,45.63,29.37,59.27,74.0,74.69,55.68,126.5,86.41,Sentadilla
sentadilla5.mp4,1240,86.08,110.21,37.97,23.59,59.93,75.11,73.86,57.1,134.61,85.77,Sentadilla
sentadilla5.mp4,1245,86.56,109.63,39.08,24.36,65.82,79.63,74.91,62.54,125.03,73.14,Sentadilla
sentadilla5.mp4,1250,121.77,108.98,48.28,26.66,65.21,85.08,89.52,71.41,120.71,67.67,Sentadilla
sentadilla5.mp4,1255,105.94,121.61,33.9,16.99,85.3,89.3,127.64,84.54,128.94,70.36,Sentadilla
sentadilla5.mp4,1260,71.95,120.43,10.26,12.41,109.69,93.68,151.85,102.83,116.55,83.2,Sentadilla
sentadilla5.mp4,1265,41.01,118.21,21.88,14.94,119.14,120.25,152.53,121.8,109.53,73.97,Sentadilla
sentadilla5.mp4,1270,48.18,118.53,28.35,12.58,124.64,142.49,163.33,145.11,104.41,73.86,Sentadilla
sentadilla5.mp4,1275,132.57,114.2,42.35,15.49,130.79,160.73,172.76,164.48,108.03,72.98,Sentadilla
sentadilla5.mp4,1280,70.69,116.08,36.53,13.48,128.32,162.58,177.67,171.93,107.77,83.52,Sentadilla
sentadilla5.mp4,1285,71.51,114.51,15.85,13.87,119.62,165.08,178.4,172.67,108.53,81.12,Sentadilla
sentadilla5.mp4,1290,74.13,115.82,13.77,12.57,120.1,165.99,178.57,166.99,109.0,78.34,Sentadilla
sentadilla5.mp4,1295,71.11,119.33,21.72,10.43,120.52,162.36,179.56,172.55,108.82,80.38,Sentadilla
sentadilla5.mp4,1300,85.01,117.11,24.96,12.83,126.14,167.77,178.18,178.13,110.17,71.67,Sentadilla
sentadilla5.mp4,1305,88.18,115.78,30.41,13.29,127.26,171.59,174.32,177.43,107.62,66.47,Sentadilla
sentadilla5.mp4,1310,62.09,110.75,10.44,16.22,128.44,172.34,169.07,166.4,104.93,57.54,Sentadilla
sentadilla5.mp4,1315,54.32,109.59,15.38,18.56,127.18,162.97,153.41,149.73,109.1,66.23,Sentadilla
sentadilla5.mp4,1320,64.15,104.96,15.68,21.9,110.96,153.49,119.56,134.49,98.53,72.58,Sentadilla
sentadilla5.mp4,1325,93.37,93.58,42.48,34.1,75.22,109.67,57.23,91.01,95.91,67.95,Sentadilla
sentadilla5.mp4,1330,84.04,87.59,47.73,40.07,71.94,90.62,62.66,73.7,109.85,91.5,Sentadilla
sentadilla5.mp4,1335,64.2,90.16,33.57,39.15,75.31,85.89,67.27,68.93,122.95,100.08,Sentadilla
sentadilla5.mp4,1340,62.42,85.94,34.23,44.09,66.98,75.36,56.71,57.21,107.64,85.79,Sentadilla
sentadilla5.mp4,1345,60.59,82.6,34.37,47.65,61.31,72.16,53.05,50.4,112.31,90.1,Sentadilla
sentadilla5.mp4,1350,61.37,81.25,35.39,45.09,61.99,67.3,53.38,45.63,111.09,83.96,Sentadilla
sentadilla5.mp4,1355,64.15,86.22,34.59,37.24,68.96,76.25,65.16,55.08,115.3,93.71,Sentadilla
sentadilla5.mp4,1360,47.16,98.53,23.21,28.79,69.61,96.16,69.16,71.72,109.72,92.02,Sentadilla
sentadilla5.mp4,1365,105.25,101.06,47.62,26.14,70.93,98.3,73.81,77.35,105.1,75.78,Sentadilla
sentadilla5.mp4,1370,112.71,106.5,48.74,19.77,83.62,110.2,98.15,92.51,93.88,61.87,Sentadilla
sentadilla5.mp4,1375,91.81,119.76,43.64,12.78,117.7,139.21,144.95,128.58,100.13,55.28,Sentadilla
sentadilla5.mp4,1380,82.2,114.06,36.31,17.91,122.51,149.28,149.4,142.28,99.52,59.18,Sentadilla
sentadilla5.mp4,1385,52.83,111.64,24.35,17.87,127.13,159.43,160.91,155.17,103.75,67.02,Sentadilla
sentadilla5.mp4,1390,51.46,120.16,21.55,5.93,123.96,163.17,168.65,165.53,106.42,68.29,Sentadilla
sentadilla5.mp4,1395,85.0,121.52,18.03,3.84,111.52,166.36,175.73,175.35,112.43,79.35,Sentadilla
sentadilla5.mp4,1400,80.15,115.9,8.88,5.98,108.99,170.87,178.82,167.86,113.85,86.27,Sentadilla
sentadilla5.mp4,1405,90.59,114.13,17.68,9.0,113.96,171.35,178.99,169.27,111.42,81.5,Sentadilla
sentadilla5.mp4,1410,92.27,112.78,16.69,9.92,113.69,171.92,178.38,171.85,107.12,78.93,Sentadilla
sentadilla5.mp4,1415,82.47,112.0,10.54,10.7,116.2,173.22,176.55,172.72,106.77,76.55,Sentadilla
sentadilla5.mp4,1420,45.42,103.34,24.22,16.65,128.49,174.6,177.84,176.77,108.63,69.51,Sentadilla
sentadilla5.mp4,1425,42.77,102.62,13.89,21.46,140.21,171.06,170.96,167.72,105.86,59.19,Sentadilla
sentadilla5.mp4,1430,85.89,107.61,16.87,18.24,141.08,164.93,162.13,156.5,111.62,57.75,Sentadilla
sentadilla5.mp4,1435,42.73,108.44,14.43,19.7,119.06,152.76,121.9,141.46,99.65,61.21,Sentadilla
sentadilla5.mp4,1440,68.7,91.54,38.5,31.83,71.12,104.57,64.37,93.7,103.74,86.49,Sentadilla
sentadilla5.mp4,1445,50.41,88.84,27.49,33.93,71.41,95.3,67.75,82.91,106.66,80.11,Sentadilla
sentadilla5.mp4,1450,47.94,85.7,30.44,38.6,67.49,77.15,65.04,67.26,107.63,85.73,Sentadilla
sentadilla5.mp4,1455,45.84,85.44,30.15,38.64,61.48,68.38,55.6,56.27,107.13,85.47,Sentadilla
sentadilla5.mp4,1460,41.39,81.69,30.64,39.57,54.33,58.52,46.79,43.09,103.57,90.56,Sentadilla
sentadilla5.mp4,1465,40.82,83.42,29.85,36.95,62.1,69.41,57.8,49.79,112.19,81.97,Sentadilla
sentadilla5.mp4,1470,44.31,88.7,28.98,32.81,65.77,77.15,64.82,59.9,127.19,71.59,Sentadilla
sentadilla5.mp4,1475,40.51,91.64,28.35,31.08,71.52,92.73,71.65,75.17,120.71,85.0,Sentadilla
sentadilla5.mp4,1480,101.81,97.76,52.33,27.65,78.52,105.92,94.27,91.62,134.7,78.28,Sentadilla
sentadilla5.mp4,1485,96.92,106.5,44.09,18.85,88.11,110.46,100.31,98.99,100.64,50.81,Sentadilla
sentadilla5.mp4,1490,89.94,115.39,46.53,16.78,118.88,132.46,142.68,128.2,99.82,58.75,Sentadilla
sentadilla5.mp4,1495,103.44,114.63,53.1,20.97,120.13,142.75,149.08,142.07,90.69,55.64,Sentadilla
sentadilla5.mp4,1500,55.19,115.6,26.7,15.79,124.86,156.98,161.44,157.75,104.78,68.4,Sentadilla
sentadilla5.mp4,1505,44.48,112.59,23.08,16.51,127.24,166.03,170.03,166.31,106.05,72.71,Sentadilla
sentadilla5.mp4,1510,50.16,111.57,23.32,16.57,127.0,170.88,177.68,172.37,113.78,74.14,Sentadilla
sentadilla5.mp4,1515,74.72,117.33,13.98,9.05,114.87,170.62,179.64,174.95,111.65,74.41,Sentadilla
sentadilla5.mp4,1520,78.2,116.38,6.63,9.75,116.16,169.0,179.59,173.19,109.17,75.48,Sentadilla
sentadilla5.mp4,1525,75.83,116.23,8.38,9.52,118.32,168.24,178.48,171.7,109.2,77.8,Sentadilla
sentadilla5.mp4,1530,54.9,115.21,20.63,9.96,117.1,169.35,175.94,172.45,109.15,78.89,Sentadilla
sentadilla5.mp4,1535,37.31,106.22,23.04,16.94,131.39,175.27,176.99,173.57,115.09,68.87,Sentadilla
sentadilla5.mp4,1540,54.8,112.38,8.8,16.66,136.84,169.9,170.84,163.32,110.68,59.81,Sentadilla
sentadilla5.mp4,1545,46.22,110.23,14.43,17.43,134.29,165.57,155.71,152.88,112.03,62.38,Sentadilla
sentadilla5.mp4,1550,60.95,101.67,13.08,24.08,91.58,150.37,79.19,133.09,88.57,70.36,Sentadilla
sentadilla5.mp4,1555,66.92,96.66,20.73,28.49,79.21,99.64,68.47,82.68,107.62,84.24,Sentadilla
sentadilla5.mp4,1560,47.05,84.48,21.36,36.13,58.09,85.1,45.96,69.32,121.33,95.12,Sentadilla
sentadilla5.mp4,1565,47.99,86.11,25.19,37.28,69.06,90.81,65.25,73.97,123.35,98.34,Sentadilla
sentadilla5.mp4,1570,42.7,87.96,26.74,34.82,68.2,89.29,64.36,69.01,116.5,97.74,Sentadilla
sentadilla5.mp4,1575,44.52,86.5,28.8,35.96,64.97,77.2,61.93,52.6,113.6,90.76,Sentadilla
sentadilla5.mp4,1580,45.02,86.82,29.23,34.63,66.21,74.0,65.43,52.82,118.07,96.62,Sentadilla
sentadilla5.mp4,1585,107.32,96.99,27.64,27.64,75.3,93.04,73.12,72.57,116.26,107.05,Sentadilla
sentadilla5.mp4,1590,40.38,99.77,27.67,29.4,77.51,92.55,76.53,75.71,106.17,108.77,Sentadilla
sentadilla5.mp4,1595,49.69,102.96,24.24,23.9,95.91,112.65,103.28,94.63,123.16,79.2,Sentadilla
sentadilla5.mp4,1600,97.9,116.57,35.18,16.4,97.03,121.67,122.11,107.1,102.69,53.86,Sentadilla
sentadilla5.mp4,1605,56.63,121.25,20.02,14.66,119.74,142.24,144.52,132.18,103.08,56.64,Sentadilla
sentadilla5.mp4,1610,78.83,106.98,31.7,24.32,127.89,157.55,157.79,151.12,97.71,56.98,Sentadilla
sentadilla5.mp4,1615,47.65,105.61,33.09,21.19,132.25,169.79,165.9,160.59,108.35,68.69,Sentadilla
sentadilla5.mp4,1620,41.28,117.79,27.55,13.59,125.51,166.8,174.19,172.3,104.19,70.4,Sentadilla
sentadilla5.mp4,1625,98.07,121.66,33.7,10.43,125.84,162.9,178.14,169.88,104.32,78.49,Sentadilla
sentadilla5.mp4,1630,89.73,115.86,22.98,12.8,125.87,163.47,178.11,164.98,103.26,83.51,Sentadilla
sentadilla5.mp4,1635,104.64,102.34,37.86,18.75,126.76,168.52,178.65,172.9,98.37,64.89,Sentadilla
sentadilla5.mp4,1640,111.0,99.2,46.91,20.85,130.55,166.94,177.81,177.1,92.92,59.37,Sentadilla
sentadilla5.mp4,1645,117.25,96.09,54.59,24.88,131.27,165.53,176.83,179.07,85.63,54.81,Sentadilla
sentadilla5.mp4,1650,114.68,84.27,51.82,33.71,131.58,162.4,175.58,177.58,80.37,52.96,Sentadilla
sentadilla5.mp4,1655,112.64,76.78,48.65,42.2,129.6,161.58,175.42,177.52,80.2,58.77,Sentadilla
sentadilla5.mp4,1660,107.5,68.73,43.18,55.93,130.04,161.2,174.64,176.7,78.1,55.16,Sentadilla
sentadilla5.mp4,1665,92.61,75.42,24.93,71.2,131.38,159.95,174.16,175.64,72.54,52.04,Sentadilla
sentadilla5.mp4,1670,117.3,83.43,53.45,77.31,134.61,158.78,172.26,172.16,59.06,50.12,Sentadilla
sentadilla5.mp4,1675,125.26,81.34,66.77,79.06,136.84,158.13,172.13,173.03,65.46,50.01,Sentadilla
sentadilla5.mp4,1680,118.17,75.72,59.72,81.63,137.26,158.05,172.62,173.34,69.97,51.2,Sentadilla
sentadilla1.mp4,5,128.82,166.88,86.87,17.66,113.12,58.49,152.91,148.37,141.42,147.91,Sentadilla
sentadilla1.mp4,10,112.58,166.96,54.8,90.49,78.09,123.99,146.32,128.99,137.31,134.1,Sentadilla
sentadilla1.mp4,15,176.43,104.8,73.23,18.46,61.34,49.75,109.66,112.45,83.7,107.96,Sentadilla
sentadilla1.mp4,20,137.37,156.44,126.26,113.83,51.0,53.71,51.59,48.96,42.22,49.59,Sentadilla
sentadilla1.mp4,25,136.59,165.34,139.72,121.87,38.81,56.93,40.33,35.22,42.46,41.82,Sentadilla
sentadilla1.mp4,30,128.33,162.04,145.93,133.01,29.84,43.25,34.64,30.43,40.6,46.87,Sentadilla
sentadilla1.mp4,35,113.32,153.02,148.12,137.02,23.75,37.19,30.81,22.32,38.24,39.52,Sentadilla
sentadilla1.mp4,40,115.69,152.31,146.26,136.07,24.63,37.63,25.6,20.96,34.78,37.92,Sentadilla
sentadilla1.mp4,45,119.75,152.98,146.51,131.84,27.32,45.45,30.78,22.22,36.92,35.63,Sentadilla
sentadilla1.mp4,50,130.36,157.87,150.85,134.13,25.93,42.8,49.18,26.16,51.33,33.09,Sentadilla
sentadilla1.mp4,55,149.53,124.35,136.49,92.47,41.87,64.82,70.92,50.25,65.15,39.81,Sentadilla
sentadilla1.mp4,60,140.49,60.52,101.83,25.14,66.79,91.1,83.82,88.63,53.49,43.92,Sentadilla
sentadilla1.mp4,65,126.58,56.1,37.89,45.77,76.39,128.99,93.96,103.59,59.81,49.22,Sentadilla
sentadilla1.mp4,70,126.22,52.28,35.81,63.23,91.08,150.23,104.51,109.85,61.9,47.17,Sentadilla
sentadilla1.mp4,75,117.64,52.28,26.05,77.35,107.69,157.11,106.06,101.56,56.77,47.97,Sentadilla
sentadilla1.mp4,80,151.95,54.48,87.3,43.59,94.47,113.92,98.35,77.66,52.1,50.77,Sentadilla
sentadilla1.mp4,85,147.74,107.62,117.06,46.07,59.4,104.54,70.12,55.83,57.13,46.59,Sentadilla
sentadilla1.mp4,90,134.28,162.29,144.81,125.21,31.02,51.86,49.65,35.74,48.26,37.9,Sentadilla
sentadilla1.mp4,95,122.43,154.33,146.41,132.79,26.28,43.62,34.46,25.36,38.68,34.81,Sentadilla
sentadilla1.mp4,100,122.59,150.57,147.22,136.47,23.14,38.92,28.58,22.47,35.08,34.2,Sentadilla
sentadilla1.mp4,105,123.87,149.44,146.29,133.02,23.4,41.23,30.42,24.55,37.69,36.01,Sentadilla
sentadilla1.mp4,110,127.45,149.82,145.8,131.9,24.09,44.8,31.7,23.94,38.43,35.3,Sentadilla
sentadilla1.mp4,115,115.18,152.3,146.15,129.84,26.13,44.68,46.9,25.12,51.44,33.87,Sentadilla
sentadilla1.mp4,120,155.05,164.95,145.71,131.85,31.09,46.88,44.35,41.3,44.57,47.03,Sentadilla
sentadilla1.mp4,125,162.91,59.59,125.79,58.23,54.59,82.92,74.77,61.44,61.18,50.14,Sentadilla
sentadilla1.mp4,130,129.63,58.11,73.87,32.58,72.7,112.93,90.58,95.9,57.63,45.74,Sentadilla
sentadilla1.mp4,135,126.42,50.19,33.14,93.26,94.97,131.67,111.83,116.94,82.09,46.65,Sentadilla
sentadilla1.mp4,140,140.7,50.58,34.63,102.8,121.1,139.54,118.49,111.3,87.29,50.26,Sentadilla
sentadilla1.mp4,145,156.93,59.3,76.23,62.51,100.66,148.18,109.38,101.95,62.65,52.56,Sentadilla
sentadilla1.mp4,150,150.59,66.95,98.77,66.86,92.85,134.57,84.3,85.01,50.64,49.3,Sentadilla
sentadilla1.mp4,155,146.22,170.03,142.46,125.04,37.69,55.92,41.55,32.22,40.39,35.94,Sentadilla
sentadilla1.mp4,160,120.92,159.11,147.83,130.37,29.51,49.62,32.09,25.08,37.31,35.66,Sentadilla
sentadilla1.mp4,165,118.29,159.59,153.13,143.45,23.22,35.21,29.71,21.41,36.69,33.09,Sentadilla
sentadilla1.mp4,170,112.85,152.54,155.1,147.09,19.67,30.06,32.49,25.23,40.02,36.66,Sentadilla
sentadilla1.mp4,175,123.69,154.75,152.56,143.69,22.75,36.14,33.93,23.53,40.43,35.86,Sentadilla
sentadilla1.mp4,180,120.16,161.2,158.14,142.51,23.48,41.03,47.93,24.75,52.42,35.44,Sentadilla
sentadilla1.mp4,185,157.26,164.3,149.28,134.73,33.27,48.47,69.59,37.87,68.23,41.0,Sentadilla
sentadilla1.mp4,190,164.1,58.86,117.58,81.22,70.95,108.2,90.21,71.0,74.39,49.9,Sentadilla
sentadilla1.mp4,195,108.21,52.44,52.71,30.38,82.2,109.13,93.37,96.09,59.08,45.64,Sentadilla
sentadilla1.mp4,200,112.76,48.5,28.49,83.84,101.65,129.05,114.12,125.05,81.71,45.04,Sentadilla
sentadilla1.mp4,205,116.08,50.56,29.21,91.79,119.09,134.57,122.6,120.16,93.9,48.36,Sentadilla
sentadilla1.mp4,210,151.49,55.71,72.53,46.92,106.41,143.96,108.45,115.21,65.35,49.38,Sentadilla
sentadilla1.mp4,215,155.62,103.11,92.05,39.41,100.22,115.49,84.06,74.45,53.99,53.57,Sentadilla
sentadilla1.mp4,220,153.11,167.03,133.44,119.83,46.86,61.55,47.12,37.96,46.17,40.52,Sentadilla
sentadilla1.mp4,225,133.16,161.22,147.13,136.59,31.47,43.73,38.82,30.75,42.95,38.42,Sentadilla
sentadilla1.mp4,230,132.1,159.05,145.77,135.02,30.85,43.29,33.47,26.37,40.78,38.66,Sentadilla
sentadilla1.mp4,235,124.81,158.58,149.83,140.49,26.57,36.99,33.49,24.17,40.36,36.91,Sentadilla
sentadilla1.mp4,240,88.36,152.14,148.35,136.12,29.15,43.31,32.57,26.89,39.33,38.72,Sentadilla
sentadilla1.mp4,245,99.84,158.26,146.93,131.84,32.58,49.3,45.53,26.13,49.91,35.45,Sentadilla
sentadilla1.mp4,250,162.76,163.86,154.22,142.79,29.17,39.61,55.57,33.23,55.38,37.74,Sentadilla
sentadilla1.mp4,255,163.17,87.06,121.82,74.29,64.46,89.05,89.96,57.98,78.63,47.26,Sentadilla
sentadilla1.mp4,260,144.79,56.82,89.26,38.68,83.24,101.32,90.81,84.42,58.56,49.92,Sentadilla
sentadilla1.mp4,265,115.84,48.77,41.01,65.17,94.6,140.95,104.1,101.56,62.48,47.87,Sentadilla
sentadilla1.mp4,270,105.11,50.27,27.45,89.43,112.87,152.63,112.61,102.01,81.36,50.23,Sentadilla
sentadilla1.mp4,275,110.89,48.48,39.88,31.08,110.6,127.49,109.96,108.93,57.08,48.46,Sentadilla
sentadilla1.mp4,280,161.8,75.31,74.75,66.49,125.66,139.74,91.93,78.26,53.75,49.08,Sentadilla
sentadilla1.mp4,285,162.69,171.06,144.28,134.42,38.93,49.6,48.15,35.99,44.26,35.73,Sentadilla
sentadilla2.mp4,5,153.88,107.01,64.1,72.14,139.57,70.83,139.91,70.88,32.64,29.41,Sentadilla
sentadilla2.mp4,10,99.63,117.28,21.98,60.86,126.75,98.62,123.79,91.48,52.79,45.96,Sentadilla
sentadilla2.mp4,15,88.16,129.74,21.98,53.47,150.9,115.39,149.51,111.47,55.84,46.23,Sentadilla
sentadilla2.mp4,20,85.49,141.75,21.3,46.99,152.06,91.36,144.55,88.33,56.34,43.13,Sentadilla
sentadilla2.mp4,25,84.94,142.22,21.82,45.15,155.45,83.21,147.72,79.54,53.19,41.08,Sentadilla
sentadilla2.mp4,30,81.41,132.97,25.56,48.51,143.35,84.27,133.38,79.91,55.34,45.05,Sentadilla
sentadilla2.mp4,35,86.61,121.27,60.56,45.32,134.44,90.54,90.19,76.07,69.99,51.15,Sentadilla
sentadilla2.mp4,40,99.43,107.12,57.51,43.64,124.12,83.92,86.31,72.85,118.81,54.23,Sentadilla
sentadilla2.mp4,45,117.45,108.98,77.5,61.1,124.82,66.03,80.05,58.48,156.94,63.35,Sentadilla
sentadilla2.mp4,50,136.26,98.31,122.63,95.92,115.62,32.92,95.59,50.69,155.75,60.33,Sentadilla
sentadilla2.mp4,55,121.48,102.14,120.67,85.51,117.7,19.0,109.71,38.4,161.32,63.52,Sentadilla
sentadilla2.mp4,60,94.93,103.92,88.02,71.14,155.44,17.18,157.25,49.52,148.88,67.29,Sentadilla
sentadilla2.mp4,65,56.54,102.61,49.38,67.66,145.38,12.06,150.23,48.04,129.15,79.52,Sentadilla
sentadilla2.mp4,70,141.84,107.07,32.21,57.7,148.97,12.75,155.09,42.4,139.77,72.65,Sentadilla
sentadilla2.mp4,75,71.7,100.47,59.9,72.55,40.16,15.65,26.71,27.56,169.54,79.35,Sentadilla
sentadilla2.mp4,80,84.19,90.81,70.5,95.17,141.93,9.96,139.77,37.59,159.64,48.95,Sentadilla
sentadilla2.mp4,85,155.94,89.36,138.08,87.66,129.04,44.03,123.47,62.62,139.11,59.3,Sentadilla
sentadilla2.mp4,90,118.83,101.02,72.94,38.17,132.96,69.11,107.96,76.22,141.15,64.71,Sentadilla
sentadilla2.mp4,95,111.66,90.66,55.73,29.06,143.45,90.22,115.41,81.64,113.09,58.02,Sentadilla
sentadilla2.mp4,100,64.94,82.05,35.86,22.79,152.39,109.18,94.48,84.12,75.2,57.32,Sentadilla
sentadilla2.mp4,105,62.8,81.37,40.42,23.79,155.51,112.09,82.49,85.5,120.05,55.94,Sentadilla
sentadilla2.mp4,110,51.38,86.11,52.32,19.18,151.95,127.88,74.32,108.89,130.43,63.39,Sentadilla
sentadilla2.mp4,115,48.43,86.36,51.42,20.92,156.01,126.32,85.14,110.55,133.61,65.49,Sentadilla
sentadilla2.mp4,120,53.98,85.81,44.37,23.84,156.65,128.07,80.87,112.04,143.28,66.38,Sentadilla
sentadilla2.mp4,125,58.28,85.73,41.31,30.75,157.09,135.12,72.37,120.93,149.54,70.36,Sentadilla
sentadilla2.mp4,130,82.3,77.27,24.78,23.9,146.08,118.3,63.7,106.76,149.48,66.49,Sentadilla
sentadilla2.mp4,135,106.19,101.42,64.32,69.58,129.73,77.88,60.69,65.45,150.46,61.41,Sentadilla
sentadilla2.mp4,140,128.04,114.06,99.95,101.75,109.39,51.19,58.23,69.72,152.84,79.67,Sentadilla
sentadilla2.mp4,145,126.78,102.32,120.05,115.12,112.61,23.04,89.23,121.93,138.53,133.86,Sentadilla
sentadilla2.mp4,150,126.76,106.88,130.65,110.08,88.0,12.9,82.95,55.43,135.56,78.79,Sentadilla
sentadilla2.mp4,155,83.26,102.57,82.65,98.15,149.01,16.11,149.25,32.83,142.1,58.19,Sentadilla
sentadilla2.mp4,160,100.9,101.13,99.23,89.22,122.98,30.02,118.05,37.97,165.09,63.88,Sentadilla
sentadilla2.mp4,165,150.15,100.18,144.42,98.65,153.05,11.02,147.71,61.14,159.56,78.14,Sentadilla
sentadilla2.mp4,170,136.18,121.14,137.87,121.6,125.87,23.24,118.38,42.42,157.37,56.92,Sentadilla
sentadilla2.mp4,175,123.3,101.7,96.17,91.67,120.98,60.08,98.42,47.4,136.67,49.46,Sentadilla
sentadilla2.mp4,180,106.94,84.82,63.83,40.05,135.87,113.44,122.19,105.15,73.94,67.17,Sentadilla
sentadilla2.mp4,185,100.67,84.94,32.23,21.57,124.32,105.05,145.14,85.71,60.41,51.04,Sentadilla
sentadilla2.mp4,190,95.85,72.57,29.08,38.89,141.48,107.19,129.76,89.14,79.5,58.33,Sentadilla
